"id","credit.score","SES","loan","well.being","adverse.credit.event"
"1",590,16,1,5,0
"2",440,14,0,4,1
"3",470,13,0,3,0
"4",480,14,0,2,1
"5",570,18,1,7,0
"6",550,17,1,7,0
"7",550,15,1,4,1
"8",580,18,1,7,0
"9",540,16,1,5,0
"10",560,14,1,6,1
"11",410,16,0,4,1
"12",540,15,1,3,0
"13",570,18,1,5,0
"14",500,16,1,6,1
"15",510,13,1,4,1
"16",590,20,1,7,0
"17",580,14,1,5,0
"18",480,13,0,3,1
"19",400,15,0,1,1
"20",440,11,0,3,1
"21",510,13,1,3,0
"22",440,12,0,1,1
"23",480,11,0,3,0
"24",560,14,1,6,0
"25",500,16,1,3,1
"26",450,13,0,1,1
"27",590,17,1,4,0
"28",480,17,0,4,1
"29",570,18,1,6,0
"30",570,18,1,6,0
"31",590,14,1,4,0
"32",490,13,0,2,1
"33",560,16,1,5,1
"34",560,16,1,4,0
"35",440,12,0,2,1
"36",410,17,0,3,1
"37",570,14,1,5,0
"38",520,10,1,3,0
"39",450,11,0,1,1
"40",460,18,0,5,1
"41",540,17,1,6,0
"42",550,13,1,4,1
"43",600,18,1,7,0
"44",430,14,0,3,1
"45",460,11,0,1,1
"46",480,16,0,5,1
"47",430,13,0,5,1
"48",440,14,0,3,0
"49",550,13,1,5,1
"50",440,15,0,4,0
"51",400,15,0,3,0
"52",510,13,1,4,0
"53",400,10,0,2,0
"54",460,14,0,3,0
"55",430,15,0,3,1
"56",450,12,0,2,0
"57",480,17,0,3,1
"58",440,12,0,3,1
"59",470,22,0,5,0
"60",430,11,0,2,1
"61",590,15,1,6,1
"62",590,13,1,5,0
"63",540,18,1,6,0
"64",480,16,0,3,0
"65",560,19,1,7,0
"66",420,12,0,1,1
"67",490,17,0,4,0
"68",570,15,1,5,0
"69",420,16,0,3,0
"70",540,19,1,7,1
"71",460,14,0,4,0
"72",480,15,0,4,1
"73",540,15,1,5,0
"74",570,19,1,6,0
"75",430,16,0,4,0
"76",590,19,1,7,0
"77",590,20,1,7,0
"78",580,15,1,5,1
"79",510,8,1,1,0
"80",430,10,0,2,1
"81",500,14,1,4,1
"82",520,18,1,5,1
"83",440,14,0,1,0
"84",590,18,1,7,0
"85",530,15,1,5,1
"86",500,17,1,5,0
"87",480,11,0,3,0
"88",580,16,1,6,1
"89",580,18,1,7,0
"90",480,12,0,2,1
"91",480,15,0,5,1
"92",460,21,0,7,0
"93",550,21,1,7,0
"94",450,13,0,3,1
"95",410,15,0,4,1
"96",430,13,0,1,1
"97",430,14,0,2,0
"98",540,14,1,5,0
"99",570,18,1,6,0
"100",450,13,0,3,0
"101",500,16,1,4,0
"102",450,4,0,1,1
"103",550,13,1,5,0
"104",540,15,1,4,0
"105",490,9,0,1,0
"106",550,15,1,3,0
"107",430,16,0,3,0
"108",540,18,1,6,1
"109",440,16,0,3,1
"110",570,19,1,7,0
"111",490,13,0,3,1
"112",430,13,0,3,0
"113",480,12,0,3,0
"114",560,17,1,7,0
"115",430,13,0,4,1
"116",470,14,0,5,1
"117",410,5,0,1,0
"118",560,17,1,6,0
"119",410,19,0,2,1
"120",450,14,0,2,1
"121",450,12,0,3,0
"122",550,18,1,7,0
"123",440,14,0,3,1
"124",420,15,0,2,0
"125",500,16,1,6,1
"126",490,16,0,4,0
"127",470,12,0,2,0
"128",600,16,1,7,0
"129",520,14,1,4,0
"130",530,14,1,5,0
"131",410,11,0,1,1
"132",560,20,1,7,1
"133",580,19,1,7,1
"134",540,13,1,4,0
"135",560,22,1,7,0
"136",410,13,0,2,0
"137",410,9,0,1,0
"138",500,20,1,7,1
"139",570,18,1,7,1
"140",520,19,1,7,0
"141",430,15,0,1,1
"142",570,16,1,6,1
"143",600,14,1,4,0
"144",510,14,1,2,0
"145",410,13,0,1,0
"146",490,16,0,6,1
"147",550,16,1,6,1
"148",460,13,0,2,0
"149",550,10,1,5,0
"150",400,16,0,3,1
"151",510,14,1,5,0
"152",510,12,1,1,1
"153",440,12,0,1,1
"154",500,22,1,6,0
"155",420,18,0,4,1
"156",500,13,1,3,1
"157",540,21,1,7,1
"158",470,14,0,3,0
"159",470,9,0,2,1
"160",510,13,1,4,0
"161",400,12,0,1,1
"162",530,14,1,4,1
"163",440,13,0,2,1
"164",470,11,0,4,0
"165",500,20,1,6,0
"166",460,12,0,3,1
"167",550,16,1,7,1
"168",520,13,1,2,0
"169",460,18,0,5,0
"170",600,15,1,6,1
"171",450,14,0,2,0
"172",560,13,1,5,0
"173",490,19,0,5,1
"174",410,16,0,2,1
"175",550,17,1,6,0
"176",520,16,1,5,1
"177",450,16,0,3,0
"178",400,15,0,3,1
"179",410,17,0,3,1
"180",490,15,0,4,0
"181",520,14,1,6,0
"182",470,11,0,3,0
"183",460,9,0,1,1
"184",550,15,1,6,0
"185",500,14,1,2,1
"186",590,21,1,6,0
"187",480,15,0,3,0
"188",580,17,1,7,0
"189",530,15,1,6,1
"190",420,9,0,1,1
"191",450,9,0,1,1
"192",500,13,1,3,1
"193",480,15,0,4,0
"194",500,16,1,3,0
"195",590,21,1,7,1
"196",540,13,1,4,0
"197",600,19,1,7,0
"198",480,12,0,3,1
"199",580,16,1,6,0
"200",520,18,1,5,0
"201",440,12,0,1,0
"202",440,16,0,5,1
"203",440,15,0,3,1
"204",510,19,1,7,1
"205",440,12,0,1,0
"206",420,13,0,2,0
"207",590,16,1,5,0
"208",490,16,0,5,1
"209",450,15,0,4,1
"210",410,15,0,2,0
"211",470,16,0,5,0
"212",560,16,1,5,0
"213",450,16,0,2,1
"214",520,19,1,6,0
"215",470,13,0,3,1
"216",530,15,1,5,0
"217",520,17,1,4,0
"218",560,13,1,4,0
"219",440,10,0,1,1
"220",420,14,0,2,1
"221",450,12,0,1,1
"222",540,14,1,5,0
"223",590,19,1,7,0
"224",600,15,1,6,0
"225",500,15,1,5,0
"226",510,19,1,5,1
"227",400,14,0,2,1
"228",530,19,1,7,1
"229",400,11,0,2,0
"230",490,14,0,4,0
"231",450,12,0,2,0
"232",530,11,1,4,0
"233",410,12,0,1,0
"234",480,15,0,5,1
"235",490,13,0,1,1
"236",590,17,1,7,1
"237",420,13,0,3,0
"238",590,15,1,7,0
"239",570,15,1,4,1
"240",550,16,1,4,0
"241",510,14,1,5,0
"242",470,15,0,4,1
"243",580,14,1,4,0
"244",530,17,1,6,0
"245",550,12,1,2,0
"246",460,13,0,2,0
"247",470,14,0,4,0
"248",540,21,1,6,0
"249",530,12,1,4,0
"250",460,16,0,4,1
"251",560,12,1,4,0
"252",530,15,1,4,0
"253",490,12,0,2,1
"254",500,17,1,4,1
"255",560,18,1,7,0
"256",520,16,1,5,0
"257",450,11,0,1,0
"258",460,14,0,4,0
"259",410,11,0,1,1
"260",520,16,1,4,0
"261",590,13,1,5,1
"262",470,13,0,4,0
"263",520,14,1,4,1
"264",470,17,0,4,0
"265",490,15,0,3,1
"266",570,22,1,7,0
"267",580,21,1,7,1
"268",520,14,1,4,1
"269",540,17,1,6,0
"270",470,14,0,5,0
"271",530,16,1,6,1
"272",500,12,1,3,0
"273",450,19,0,4,1
"274",420,14,0,4,0
"275",490,10,0,1,1
"276",450,15,0,3,1
"277",430,12,0,1,1
"278",500,12,1,1,1
"279",560,20,1,7,0
"280",470,14,0,3,1
"281",510,17,1,4,1
"282",450,19,0,4,1
"283",530,13,1,3,1
"284",450,11,0,1,0
"285",560,15,1,4,0
"286",590,20,1,7,0
"287",590,20,1,7,0
"288",520,17,1,5,0
"289",600,23,1,7,1
"290",520,15,1,3,1
"291",590,16,1,7,0
"292",460,12,0,2,1
"293",530,18,1,6,1
"294",580,19,1,7,0
"295",510,13,1,3,1
"296",560,18,1,7,0
"297",550,22,1,5,1
"298",490,15,0,3,0
"299",570,14,1,4,0
"300",560,18,1,4,0
"301",480,14,0,3,0
"302",420,11,0,1,1
"303",470,17,0,4,1
"304",410,11,0,1,1
"305",530,15,1,3,0
"306",570,14,1,5,0
"307",440,10,0,1,0
"308",550,13,1,6,1
"309",430,14,0,3,0
"310",520,14,1,5,0
"311",440,17,0,3,0
"312",490,13,0,2,0
"313",450,15,0,2,1
"314",570,16,1,6,0
"315",540,16,1,3,0
"316",420,7,0,1,1
"317",440,17,0,5,1
"318",590,19,1,7,1
"319",520,16,1,6,0
"320",450,12,0,3,1
"321",550,15,1,5,0
"322",560,15,1,6,0
"323",590,19,1,7,1
"324",410,12,0,1,1
"325",600,17,1,6,1
"326",550,15,1,5,1
"327",460,9,0,3,1
"328",510,17,1,4,1
"329",540,17,1,4,1
"330",540,18,1,4,0
"331",530,13,1,2,0
"332",550,16,1,6,0
"333",590,18,1,7,0
"334",490,14,0,4,0
"335",410,13,0,1,1
"336",500,13,1,3,1
"337",430,14,0,2,1
"338",480,12,0,1,1
"339",430,14,0,1,0
"340",570,18,1,5,1
"341",560,18,1,6,0
"342",410,11,0,1,0
"343",570,13,1,3,0
"344",410,13,0,2,1
"345",550,18,1,6,1
"346",580,19,1,7,1
"347",410,14,0,3,0
"348",430,16,0,2,0
"349",580,15,1,6,1
"350",440,19,0,5,1
"351",460,18,0,3,1
"352",590,15,1,7,1
"353",410,12,0,1,1
"354",460,16,0,3,0
"355",470,18,0,5,1
"356",560,18,1,5,0
"357",480,16,0,3,1
"358",540,12,1,3,0
"359",500,19,1,7,0
"360",490,11,0,1,1
"361",540,16,1,7,0
"362",530,15,1,5,0
"363",570,17,1,5,0
"364",530,17,1,6,1
"365",550,15,1,6,0
"366",590,15,1,7,0
"367",470,11,0,1,1
"368",420,11,0,1,1
"369",510,17,1,5,0
"370",560,14,1,3,0
"371",420,14,0,3,1
"372",500,14,1,3,0
"373",520,14,1,1,0
"374",540,11,1,4,0
"375",560,17,1,6,1
"376",440,15,0,1,0
"377",540,18,1,7,1
"378",470,11,0,2,0
"379",510,17,1,5,1
"380",460,13,0,3,1
"381",560,14,1,3,0
"382",420,15,0,4,1
"383",590,16,1,6,0
"384",430,16,0,3,0
"385",440,13,0,2,1
"386",480,15,0,3,1
"387",450,13,0,1,1
"388",420,13,0,2,1
"389",600,14,1,5,1
"390",560,17,1,7,0
"391",470,14,0,3,1
"392",600,13,1,5,0
"393",580,17,1,5,1
"394",550,19,1,7,1
"395",450,16,0,4,1
"396",600,19,1,7,0
"397",450,16,0,5,1
"398",480,15,0,5,0
"399",460,17,0,4,1
"400",510,15,1,4,1
"401",600,17,1,7,0
"402",430,13,0,3,0
"403",410,13,0,1,1
"404",580,23,1,7,0
"405",590,24,1,7,0
"406",560,15,1,3,1
"407",490,16,0,4,0
"408",510,12,1,2,0
"409",560,13,1,5,0
"410",590,13,1,6,0
"411",470,15,0,4,1
"412",440,17,0,3,0
"413",530,17,1,7,0
"414",490,12,0,1,0
"415",580,15,1,6,0
"416",410,14,0,2,1
"417",570,21,1,7,0
"418",440,9,0,2,1
"419",550,22,1,7,0
"420",480,18,0,5,1
"421",590,16,1,6,1
"422",530,17,1,6,0
"423",440,13,0,2,0
"424",590,17,1,7,0
"425",500,12,1,2,1
"426",400,12,0,3,1
"427",600,19,1,7,0
"428",550,16,1,5,0
"429",460,13,0,3,0
"430",510,17,1,5,0
"431",540,17,1,3,1
"432",550,14,1,4,0
"433",600,19,1,7,0
"434",550,15,1,4,1
"435",580,18,1,4,0
"436",430,16,0,4,1
"437",430,14,0,1,0
"438",540,15,1,4,0
"439",420,16,0,1,1
"440",540,16,1,7,0
"441",520,15,1,4,0
"442",540,16,1,6,1
"443",460,13,0,3,0
"444",450,13,0,1,1
"445",480,22,0,6,1
"446",570,17,1,6,0
"447",420,14,0,2,0
"448",420,13,0,2,1
"449",550,18,1,6,0
"450",570,18,1,6,1
"451",550,16,1,5,0
"452",500,18,1,3,0
"453",440,12,0,2,1
"454",520,15,1,3,0
"455",520,14,1,2,0
"456",490,11,0,4,1
"457",440,17,0,4,0
"458",440,16,0,5,1
"459",520,19,1,6,1
"460",590,12,1,5,1
"461",540,16,1,5,0
"462",480,17,0,3,0
"463",480,15,0,3,0
"464",410,17,0,5,1
"465",440,15,0,3,1
"466",410,10,0,1,1
"467",580,13,1,7,0
"468",450,15,0,2,0
"469",550,14,1,4,1
"470",530,13,1,4,0
"471",480,13,0,3,1
"472",550,16,1,6,1
"473",520,12,1,2,0
"474",520,11,1,4,0
"475",440,13,0,3,0
"476",530,15,1,4,0
"477",430,12,0,1,0
"478",480,17,0,5,1
"479",520,17,1,4,1
"480",500,20,1,5,1
"481",560,16,1,6,0
"482",410,20,0,3,1
"483",440,18,0,3,1
"484",420,11,0,2,0
"485",510,16,1,5,0
"486",440,11,0,3,0
"487",510,18,1,6,1
"488",520,18,1,4,0
"489",450,14,0,1,1
"490",500,17,1,4,1
"491",490,16,0,6,0
"492",530,16,1,5,0
"493",450,14,0,2,1
"494",460,17,0,3,1
"495",480,15,0,6,1
"496",590,20,1,7,0
"497",440,12,0,1,0
"498",460,17,0,4,1
"499",550,14,1,4,0
"500",530,16,1,6,0
"501",460,14,0,4,1
"502",590,19,1,6,0
"503",410,16,0,3,1
"504",410,16,0,2,1
"505",420,18,0,4,1
"506",470,10,0,2,0
"507",520,14,1,3,0
"508",560,15,1,4,1
"509",410,13,0,2,1
"510",520,22,1,7,0
"511",520,14,1,4,0
"512",490,16,0,7,0
"513",510,18,1,6,1
"514",410,13,0,2,1
"515",460,12,0,4,0
"516",530,17,1,5,0
"517",560,16,1,6,0
"518",560,15,1,5,1
"519",540,17,1,4,0
"520",530,15,1,5,1
"521",540,18,1,7,1
"522",520,18,1,6,1
"523",580,16,1,6,0
"524",510,18,1,5,0
"525",450,13,0,1,0
"526",580,16,1,5,0
"527",410,10,0,1,0
"528",550,18,1,5,1
"529",470,14,0,3,0
"530",470,14,0,5,1
"531",430,12,0,2,0
"532",580,21,1,6,1
"533",450,18,0,3,1
"534",550,17,1,7,0
"535",470,17,0,4,1
"536",420,15,0,2,0
"537",490,15,0,4,1
"538",510,19,1,6,1
"539",510,15,1,3,1
"540",550,16,1,5,1
"541",410,10,0,1,1
"542",510,12,1,2,0
"543",600,15,1,7,0
"544",560,14,1,4,1
"545",480,11,0,1,1
"546",540,20,1,5,0
"547",590,16,1,5,0
"548",590,13,1,5,0
"549",470,16,0,5,0
"550",490,11,0,4,0
"551",490,16,0,3,1
"552",540,14,1,5,1
"553",410,18,0,5,1
"554",490,11,0,4,1
"555",500,15,1,4,1
"556",440,12,0,1,0
"557",500,14,1,2,1
"558",430,15,0,4,0
"559",490,13,0,3,1
"560",540,16,1,5,0
"561",460,15,0,3,0
"562",480,14,0,2,0
"563",430,17,0,5,0
"564",400,18,0,4,1
"565",540,15,1,6,0
"566",560,16,1,7,1
"567",500,14,1,4,0
"568",530,15,1,5,0
"569",590,20,1,7,0
"570",510,13,1,2,0
"571",590,14,1,5,1
"572",560,18,1,6,0
"573",470,14,0,5,0
"574",590,17,1,3,0
"575",520,16,1,5,0
"576",450,14,0,2,0
"577",570,17,1,3,1
"578",480,16,0,5,1
"579",570,12,1,2,0
"580",470,10,0,1,1
"581",500,15,1,4,0
"582",500,15,1,3,0
"583",560,18,1,6,1
"584",470,13,0,3,1
"585",510,17,1,4,1
"586",490,15,0,2,0
"587",580,16,1,7,0
"588",490,15,0,4,0
"589",530,12,1,5,0
"590",540,18,1,6,0
"591",400,14,0,1,1
"592",580,17,1,5,0
"593",590,15,1,6,1
"594",540,19,1,6,0
"595",460,15,0,3,1
"596",560,13,1,3,0
"597",490,15,0,4,0
"598",420,13,0,3,0
"599",440,12,0,3,1
"600",510,16,1,5,0
"601",600,18,1,7,1
"602",510,16,1,4,0
"603",410,11,0,1,1
"604",590,18,1,7,0
"605",590,18,1,7,0
"606",590,17,1,7,0
"607",570,18,1,7,0
"608",520,13,1,3,1
"609",520,18,1,6,0
"610",510,15,1,3,0
"611",480,10,0,1,0
"612",510,14,1,4,0
"613",410,15,0,2,1
"614",560,16,1,5,0
"615",440,9,0,1,1
"616",460,13,0,3,1
"617",410,11,0,1,0
"618",480,12,0,3,1
"619",490,14,0,4,0
"620",460,17,0,4,1
"621",480,18,0,6,0
"622",410,9,0,1,1
"623",560,15,1,3,1
"624",480,20,0,6,1
"625",570,18,1,4,0
"626",480,15,0,3,0
"627",530,12,1,2,0
"628",480,9,0,1,1
"629",410,12,0,1,1
"630",560,17,1,5,0
"631",490,19,0,4,1
"632",520,15,1,3,1
"633",490,18,0,5,0
"634",550,14,1,5,1
"635",540,10,1,3,1
"636",510,16,1,4,0
"637",430,18,0,4,1
"638",590,16,1,7,0
"639",430,8,0,1,1
"640",490,13,0,4,1
"641",550,13,1,5,1
"642",530,18,1,4,1
"643",530,15,1,4,0
"644",490,15,0,4,1
"645",510,15,1,3,0
"646",600,18,1,7,1
"647",420,14,0,2,1
"648",440,13,0,4,1
"649",410,16,0,3,1
"650",560,13,1,5,1
"651",500,14,1,4,1
"652",510,17,1,7,1
"653",440,13,0,3,1
"654",410,15,0,3,1
"655",460,12,0,2,1
"656",400,12,0,1,1
"657",420,15,0,1,1
"658",440,12,0,2,1
"659",530,18,1,3,0
"660",550,16,1,6,0
"661",400,17,0,4,1
"662",430,12,0,3,1
"663",590,18,1,7,0
"664",560,19,1,6,0
"665",490,16,0,4,0
"666",510,18,1,7,0
"667",520,17,1,7,0
"668",540,18,1,5,0
"669",550,18,1,7,0
"670",580,14,1,5,0
"671",450,12,0,2,0
"672",430,14,0,2,1
"673",420,9,0,1,0
"674",520,15,1,6,1
"675",520,13,1,4,1
"676",440,17,0,5,1
"677",500,15,1,4,1
"678",510,16,1,6,0
"679",400,14,0,2,1
"680",530,14,1,5,0
"681",430,17,0,5,0
"682",550,17,1,5,0
"683",590,16,1,5,0
"684",590,15,1,4,0
"685",450,13,0,4,0
"686",560,14,1,5,1
"687",410,11,0,3,1
"688",600,16,1,7,0
"689",570,17,1,7,0
"690",480,13,0,3,1
"691",490,14,0,3,1
"692",580,16,1,7,0
"693",490,15,0,3,0
"694",470,14,0,3,0
"695",580,19,1,6,1
"696",490,19,0,7,0
"697",480,15,0,4,0
"698",480,17,0,6,0
"699",540,14,1,3,0
"700",500,12,1,3,0
"701",590,16,1,7,1
"702",420,16,0,2,1
"703",580,13,1,6,1
"704",560,13,1,5,1
"705",460,16,0,6,0
"706",450,13,0,1,0
"707",430,14,0,2,0
"708",550,19,1,7,0
"709",440,14,0,3,0
"710",510,16,1,2,0
"711",470,18,0,3,1
"712",530,12,1,2,0
"713",570,18,1,6,0
"714",440,17,0,4,1
"715",540,17,1,3,0
"716",430,13,0,4,1
"717",460,10,0,2,1
"718",550,17,1,5,1
"719",480,14,0,3,1
"720",470,13,0,1,0
"721",560,15,1,6,0
"722",490,15,0,3,1
"723",430,15,0,3,1
"724",450,12,0,2,0
"725",590,16,1,7,0
"726",410,15,0,2,1
"727",440,15,0,2,1
"728",480,19,0,4,1
"729",460,18,0,3,1
"730",460,13,0,1,1
"731",550,18,1,6,0
"732",490,17,0,6,1
"733",480,20,0,6,1
"734",430,12,0,2,0
"735",410,15,0,2,1
"736",530,19,1,6,1
"737",440,17,0,3,1
"738",450,15,0,2,0
"739",580,15,1,5,0
"740",420,11,0,1,0
"741",450,14,0,2,1
"742",560,13,1,4,1
"743",410,12,0,2,1
"744",510,12,1,1,0
"745",490,17,0,4,1
"746",520,16,1,5,0
"747",550,21,1,6,0
"748",560,15,1,7,0
"749",580,17,1,7,1
"750",560,13,1,4,1
"751",590,19,1,6,0
"752",420,17,0,4,1
"753",530,12,1,4,0
"754",510,12,1,1,0
"755",440,14,0,3,1
"756",420,13,0,3,0
"757",560,18,1,5,0
"758",530,18,1,5,0
"759",420,11,0,1,1
"760",540,14,1,4,0
"761",460,14,0,3,1
"762",580,19,1,7,1
"763",580,18,1,5,1
"764",490,16,0,4,0
"765",480,15,0,4,0
"766",420,13,0,1,1
"767",520,15,1,4,1
"768",420,12,0,2,0
"769",530,16,1,5,0
"770",540,18,1,4,0
"771",410,10,0,1,1
"772",560,14,1,4,0
"773",470,15,0,2,0
"774",540,15,1,6,0
"775",490,18,0,5,1
"776",500,14,1,4,1
"777",560,20,1,6,0
"778",510,16,1,4,1
"779",470,15,0,2,1
"780",510,19,1,7,0
"781",430,17,0,4,1
"782",450,12,0,2,1
"783",450,13,0,3,1
"784",540,13,1,5,0
"785",500,11,1,3,1
"786",560,16,1,5,0
"787",530,12,1,3,1
"788",480,13,0,5,1
"789",530,16,1,5,0
"790",520,12,1,2,1
"791",430,15,0,1,1
"792",510,16,1,6,0
"793",480,13,0,4,0
"794",450,13,0,1,1
"795",550,19,1,7,1
"796",410,14,0,3,0
"797",450,9,0,3,1
"798",450,14,0,1,1
"799",490,14,0,4,0
"800",450,14,0,2,1
"801",600,17,1,5,0
"802",490,14,0,5,1
"803",420,10,0,2,0
"804",430,17,0,3,1
"805",450,10,0,1,1
"806",520,12,1,2,0
"807",560,17,1,7,0
"808",470,14,0,5,1
"809",520,10,1,2,0
"810",560,17,1,6,1
"811",490,18,0,4,0
"812",530,12,1,4,0
"813",560,15,1,6,0
"814",500,19,1,4,0
"815",460,15,0,2,1
"816",520,20,1,6,1
"817",450,13,0,2,1
"818",580,15,1,7,0
"819",570,18,1,7,1
"820",540,16,1,5,0
"821",430,17,0,2,1
"822",500,20,1,5,1
"823",490,14,0,3,0
"824",410,13,0,1,1
"825",530,19,1,5,1
"826",520,18,1,7,0
"827",600,22,1,7,0
"828",450,12,0,1,1
"829",430,10,0,1,1
"830",580,15,1,3,0
"831",530,18,1,6,0
"832",470,13,0,3,1
"833",430,15,0,4,1
"834",440,16,0,3,0
"835",490,14,0,3,0
"836",460,14,0,2,0
"837",480,14,0,5,0
"838",560,15,1,7,0
"839",570,19,1,7,0
"840",440,15,0,3,1
"841",530,15,1,4,1
"842",580,13,1,4,0
"843",530,14,1,4,0
"844",530,17,1,6,0
"845",600,18,1,7,1
"846",600,17,1,7,0
"847",520,20,1,6,0
"848",430,14,0,1,1
"849",500,15,1,3,0
"850",460,13,0,3,0
"851",460,15,0,4,0
"852",470,16,0,4,0
"853",400,15,0,2,0
"854",570,16,1,7,0
"855",410,19,0,5,1
"856",600,21,1,7,0
"857",410,11,0,1,0
"858",450,11,0,1,1
"859",490,16,0,5,0
"860",430,14,0,3,1
"861",510,17,1,4,0
"862",420,12,0,3,1
"863",590,15,1,4,1
"864",590,22,1,7,0
"865",410,15,0,2,1
"866",430,18,0,5,1
"867",450,12,0,2,1
"868",410,16,0,4,1
"869",500,13,1,4,0
"870",540,12,1,3,0
"871",430,12,0,1,1
"872",440,15,0,3,1
"873",430,15,0,4,1
"874",490,17,0,2,0
"875",510,17,1,5,0
"876",510,15,1,4,0
"877",430,15,0,1,0
"878",540,15,1,4,0
"879",480,15,0,3,0
"880",440,16,0,4,0
"881",530,14,1,5,1
"882",510,11,1,1,0
"883",480,13,0,4,0
"884",490,11,0,1,0
"885",590,17,1,7,1
"886",410,17,0,2,0
"887",430,18,0,4,1
"888",550,16,1,5,0
"889",450,12,0,3,0
"890",490,15,0,6,0
"891",490,18,0,3,1
"892",590,17,1,7,0
"893",490,14,0,3,1
"894",470,13,0,2,1
"895",470,12,0,2,0
"896",520,20,1,7,0
"897",530,13,1,5,1
"898",510,16,1,5,0
"899",460,12,0,1,1
"900",460,17,0,3,1
"901",570,16,1,6,0
"902",520,18,1,6,1
"903",450,15,0,1,1
"904",440,13,0,4,1
"905",440,15,0,4,1
"906",430,15,0,2,0
"907",590,19,1,7,0
"908",440,16,0,3,0
"909",440,12,0,2,1
"910",440,17,0,4,0
"911",460,15,0,4,1
"912",470,15,0,3,1
"913",460,12,0,2,1
"914",510,16,1,6,0
"915",520,14,1,5,0
"916",570,14,1,6,0
"917",450,16,0,3,0
"918",470,17,0,5,1
"919",600,15,1,6,0
"920",420,12,0,1,0
"921",500,14,1,4,0
"922",440,15,0,3,1
"923",520,13,1,3,1
"924",470,17,0,5,1
"925",450,15,0,5,0
"926",580,8,1,4,0
"927",550,15,1,5,1
"928",500,16,1,4,0
"929",500,17,1,6,0
"930",540,11,1,5,1
"931",470,13,0,2,0
"932",590,17,1,6,0
"933",450,13,0,3,1
"934",470,15,0,5,0
"935",410,10,0,1,1
"936",440,20,0,7,0
"937",440,11,0,2,0
"938",580,16,1,7,0
"939",510,13,1,3,0
"940",540,19,1,7,0
"941",400,15,0,3,1
"942",490,13,0,4,1
"943",430,19,0,5,1
"944",430,18,0,5,1
"945",480,16,0,3,1
"946",580,16,1,6,1
"947",450,15,0,4,1
"948",470,16,0,4,0
"949",520,15,1,3,1
"950",470,17,0,5,0
"951",490,17,0,5,0
"952",590,14,1,6,0
"953",560,13,1,4,0
"954",420,12,0,2,1
"955",450,14,0,4,0
"956",540,12,1,2,1
"957",480,14,0,4,1
"958",430,11,0,1,0
"959",440,19,0,4,1
"960",410,13,0,1,1
"961",560,15,1,4,0
"962",580,13,1,5,1
"963",430,13,0,3,1
"964",480,11,0,1,1
"965",510,15,1,4,0
"966",570,16,1,6,0
"967",410,11,0,1,0
"968",440,11,0,4,1
"969",410,15,0,1,1
"970",450,15,0,3,1
"971",580,16,1,6,0
"972",460,13,0,4,1
"973",590,19,1,7,0
"974",450,12,0,2,1
"975",460,13,0,3,0
"976",510,15,1,5,1
"977",540,13,1,3,0
"978",400,11,0,1,0
"979",430,16,0,3,1
"980",400,13,0,2,1
"981",510,16,1,4,0
"982",410,12,0,1,1
"983",540,17,1,6,1
"984",600,18,1,7,0
"985",460,20,0,6,1
"986",570,14,1,6,0
"987",430,13,0,1,0
"988",420,14,0,1,0
"989",410,12,0,2,0
"990",460,15,0,3,0
"991",480,16,0,3,0
"992",450,13,0,1,0
"993",590,11,1,4,0
"994",460,15,0,3,1
"995",600,20,1,6,0
"996",470,12,0,3,1
"997",550,18,1,6,0
"998",550,18,1,7,1
"999",430,14,0,2,0
"1000",520,18,1,7,0
"1001",570,14,1,3,1
"1002",540,17,1,7,0
"1003",500,14,1,3,1
"1004",570,17,1,6,0
"1005",490,17,0,5,0
"1006",490,15,0,4,0
"1007",580,14,1,5,1
"1008",410,10,0,1,1
"1009",430,12,0,1,1
"1010",440,15,0,4,0
"1011",590,13,1,4,0
"1012",460,13,0,2,0
"1013",460,16,0,1,1
"1014",480,17,0,2,1
"1015",590,14,1,4,0
"1016",450,13,0,1,1
"1017",480,16,0,5,0
"1018",470,17,0,3,1
"1019",570,15,1,5,1
"1020",480,14,0,1,0
"1021",410,15,0,2,1
"1022",530,16,1,5,1
"1023",540,15,1,5,0
"1024",510,17,1,5,0
"1025",430,16,0,3,1
"1026",510,16,1,6,0
"1027",490,14,0,3,1
"1028",530,17,1,4,0
"1029",520,13,1,3,1
"1030",510,13,1,4,0
"1031",450,17,0,3,1
"1032",600,18,1,7,0
"1033",440,14,0,3,1
"1034",430,11,0,2,0
"1035",430,14,0,4,0
"1036",430,17,0,5,1
"1037",570,18,1,6,0
"1038",530,16,1,6,1
"1039",520,14,1,5,0
"1040",560,15,1,6,1
"1041",470,13,0,3,1
"1042",600,17,1,6,0
"1043",450,14,0,4,1
"1044",430,8,0,1,0
"1045",570,19,1,7,1
"1046",580,16,1,7,0
"1047",440,15,0,3,1
"1048",580,15,1,5,0
"1049",500,10,1,1,1
"1050",530,17,1,6,0
"1051",540,18,1,7,0
"1052",440,11,0,2,1
"1053",540,17,1,4,0
"1054",490,16,0,4,1
"1055",560,17,1,7,1
"1056",530,16,1,6,1
"1057",510,16,1,5,0
"1058",420,15,0,3,1
"1059",550,16,1,4,1
"1060",590,14,1,6,1
"1061",510,16,1,4,1
"1062",430,11,0,1,0
"1063",440,11,0,1,1
"1064",480,13,0,5,1
"1065",440,11,0,1,0
"1066",550,16,1,6,0
"1067",550,14,1,5,0
"1068",430,12,0,1,1
"1069",590,11,1,4,1
"1070",580,17,1,7,0
"1071",430,13,0,1,1
"1072",460,12,0,3,1
"1073",550,18,1,5,0
"1074",600,19,1,7,0
"1075",430,14,0,2,0
"1076",480,15,0,4,1
"1077",480,13,0,4,1
"1078",510,12,1,4,0
"1079",450,16,0,1,0
"1080",510,12,1,3,0
"1081",410,13,0,3,1
"1082",500,14,1,4,0
"1083",520,15,1,3,0
"1084",430,15,0,1,1
"1085",480,16,0,4,0
"1086",460,16,0,4,1
"1087",450,15,0,4,1
"1088",410,13,0,4,0
"1089",410,12,0,2,1
"1090",550,14,1,6,1
"1091",530,18,1,7,0
"1092",420,12,0,1,1
"1093",490,16,0,5,0
"1094",530,17,1,4,0
"1095",570,17,1,5,0
"1096",410,16,0,2,1
"1097",410,13,0,1,0
"1098",500,17,1,5,0
"1099",530,18,1,5,0
"1100",410,15,0,1,1
"1101",580,15,1,6,0
"1102",590,16,1,6,0
"1103",570,15,1,7,0
"1104",470,13,0,4,0
"1105",550,11,1,2,0
"1106",520,18,1,5,0
"1107",540,17,1,6,0
"1108",420,6,0,1,1
"1109",410,15,0,2,1
"1110",420,17,0,4,0
"1111",500,16,1,7,1
"1112",420,11,0,1,1
"1113",490,12,0,4,0
"1114",590,16,1,5,0
"1115",510,13,1,3,1
"1116",540,16,1,4,1
"1117",580,22,1,7,1
"1118",400,10,0,3,1
"1119",430,11,0,1,0
"1120",550,17,1,5,0
"1121",430,14,0,3,1
"1122",560,22,1,7,1
"1123",420,11,0,1,0
"1124",570,22,1,7,0
"1125",560,15,1,4,1
"1126",500,17,1,6,1
"1127",520,13,1,3,0
"1128",510,12,1,4,1
"1129",420,15,0,1,1
"1130",430,12,0,1,0
"1131",510,12,1,3,1
"1132",490,15,0,4,0
"1133",570,15,1,4,0
"1134",580,15,1,4,0
"1135",450,13,0,2,0
"1136",550,18,1,6,0
"1137",490,17,0,4,0
"1138",440,12,0,2,1
"1139",460,14,0,4,0
"1140",520,14,1,6,0
"1141",490,13,0,3,0
"1142",600,16,1,6,0
"1143",400,13,0,1,1
"1144",590,20,1,7,0
"1145",430,15,0,3,1
"1146",550,14,1,4,0
"1147",550,12,1,3,1
"1148",450,13,0,5,1
"1149",430,10,0,1,0
"1150",530,12,1,4,0
"1151",560,17,1,7,0
"1152",570,16,1,6,0
"1153",530,18,1,4,0
"1154",580,17,1,5,0
"1155",580,15,1,5,1
"1156",500,20,1,5,0
"1157",460,15,0,3,1
"1158",450,16,0,2,0
"1159",570,13,1,4,0
"1160",560,16,1,6,1
"1161",540,14,1,5,0
"1162",480,9,0,2,0
"1163",470,16,0,5,1
"1164",550,17,1,7,0
"1165",570,16,1,6,0
"1166",420,15,0,3,1
"1167",410,20,0,4,0
"1168",590,17,1,7,1
"1169",460,10,0,2,0
"1170",460,18,0,5,0
"1171",430,11,0,2,1
"1172",520,18,1,3,1
"1173",600,15,1,5,0
"1174",480,14,0,2,0
"1175",570,14,1,5,0
"1176",570,20,1,6,0
"1177",580,19,1,7,0
"1178",420,11,0,1,1
"1179",540,9,1,3,0
"1180",540,17,1,4,0
"1181",530,13,1,3,0
"1182",460,13,0,2,0
"1183",560,16,1,5,0
"1184",520,16,1,5,1
"1185",500,16,1,4,0
"1186",570,15,1,7,0
"1187",400,10,0,1,0
"1188",520,17,1,5,0
"1189",490,19,0,6,0
"1190",480,13,0,4,0
"1191",580,15,1,7,1
"1192",430,13,0,2,1
"1193",510,15,1,4,0
"1194",590,20,1,7,0
"1195",600,14,1,5,0
"1196",420,13,0,1,1
"1197",410,9,0,2,1
"1198",510,18,1,4,1
"1199",510,16,1,5,0
"1200",460,16,0,3,0
"1201",500,10,1,3,1
"1202",470,19,0,6,0
"1203",420,15,0,3,1
"1204",510,16,1,4,1
"1205",530,14,1,5,1
"1206",540,13,1,4,0
"1207",510,17,1,5,0
"1208",580,17,1,7,0
"1209",510,14,1,4,0
"1210",590,19,1,7,0
"1211",540,19,1,4,1
"1212",480,12,0,2,0
"1213",500,14,1,5,0
"1214",440,15,0,3,1
"1215",530,16,1,5,1
"1216",590,17,1,7,0
"1217",430,15,0,3,1
"1218",480,16,0,4,0
"1219",570,22,1,7,0
"1220",470,20,0,6,1
"1221",540,16,1,4,0
"1222",540,12,1,2,0
"1223",570,15,1,5,1
"1224",430,13,0,1,1
"1225",580,14,1,7,1
"1226",520,15,1,5,0
"1227",440,14,0,3,1
"1228",410,16,0,2,0
"1229",520,11,1,2,1
"1230",560,13,1,3,1
"1231",530,12,1,3,0
"1232",530,16,1,5,0
"1233",460,14,0,3,1
"1234",460,16,0,2,1
"1235",560,11,1,2,0
"1236",530,14,1,4,1
"1237",540,18,1,7,0
"1238",580,18,1,7,0
"1239",480,11,0,1,0
"1240",530,20,1,7,0
"1241",500,18,1,2,0
"1242",510,13,1,3,0
"1243",420,14,0,2,1
"1244",410,9,0,1,1
"1245",420,14,0,4,1
"1246",410,13,0,2,0
"1247",460,14,0,2,1
"1248",440,14,0,2,0
"1249",410,13,0,3,1
"1250",400,18,0,2,1
"1251",410,12,0,3,1
"1252",540,15,1,4,1
"1253",490,21,0,6,0
"1254",600,15,1,5,1
"1255",430,17,0,3,0
"1256",600,16,1,6,0
"1257",580,13,1,5,0
"1258",430,13,0,1,1
"1259",500,16,1,2,0
"1260",410,16,0,4,1
"1261",450,8,0,1,1
"1262",590,18,1,6,0
"1263",440,18,0,3,1
"1264",510,12,1,3,0
"1265",410,17,0,3,0
"1266",570,12,1,5,0
"1267",430,14,0,3,1
"1268",520,18,1,5,1
"1269",450,13,0,1,0
"1270",480,18,0,3,0
"1271",520,14,1,4,0
"1272",540,18,1,5,0
"1273",580,14,1,5,0
"1274",600,19,1,7,0
"1275",490,17,0,7,0
"1276",590,13,1,3,0
"1277",590,19,1,7,0
"1278",430,19,0,7,0
"1279",420,19,0,4,1
"1280",420,8,0,1,1
"1281",400,17,0,3,0
"1282",480,12,0,4,0
"1283",490,18,0,6,1
"1284",470,13,0,2,1
"1285",480,13,0,3,1
"1286",500,12,1,3,1
"1287",400,11,0,1,1
"1288",440,17,0,3,1
"1289",400,12,0,1,0
"1290",590,15,1,4,0
"1291",580,16,1,6,1
"1292",580,14,1,5,0
"1293",590,17,1,6,1
"1294",400,14,0,2,1
"1295",560,14,1,5,1
"1296",550,13,1,5,0
"1297",500,15,1,4,1
"1298",590,18,1,7,0
"1299",520,15,1,6,1
"1300",410,14,0,2,0
"1301",440,12,0,2,1
"1302",470,12,0,2,0
"1303",470,17,0,7,1
"1304",550,14,1,4,0
"1305",580,15,1,3,1
"1306",420,18,0,3,1
"1307",460,15,0,4,1
"1308",580,19,1,6,0
"1309",420,18,0,4,0
"1310",580,17,1,5,0
"1311",500,19,1,5,1
"1312",510,16,1,3,0
"1313",560,17,1,7,1
"1314",420,12,0,2,0
"1315",560,16,1,3,0
"1316",540,17,1,5,0
"1317",550,16,1,6,1
"1318",460,13,0,5,1
"1319",460,17,0,3,0
"1320",410,13,0,3,1
"1321",420,13,0,1,1
"1322",550,15,1,7,1
"1323",430,10,0,1,1
"1324",490,14,0,6,0
"1325",420,13,0,1,1
"1326",530,17,1,3,1
"1327",480,13,0,4,0
"1328",520,16,1,4,1
"1329",460,14,0,4,0
"1330",450,14,0,3,1
"1331",460,18,0,4,1
"1332",450,13,0,2,0
"1333",540,15,1,6,0
"1334",570,13,1,6,1
"1335",490,14,0,2,1
"1336",480,17,0,6,1
"1337",550,19,1,6,1
"1338",420,15,0,2,1
"1339",590,17,1,7,0
"1340",470,13,0,2,0
"1341",540,14,1,6,1
"1342",510,17,1,5,1
"1343",500,15,1,3,0
"1344",420,16,0,3,1
"1345",450,13,0,3,0
"1346",440,13,0,2,1
"1347",570,17,1,7,0
"1348",570,17,1,5,0
"1349",470,15,0,4,1
"1350",420,14,0,1,0
"1351",510,13,1,6,1
"1352",530,14,1,5,1
"1353",530,18,1,6,1
"1354",560,16,1,7,0
"1355",440,13,0,3,0
"1356",480,14,0,1,0
"1357",600,18,1,7,0
"1358",520,16,1,5,0
"1359",530,15,1,4,1
"1360",540,15,1,5,0
"1361",580,16,1,6,1
"1362",470,17,0,4,1
"1363",480,17,0,3,0
"1364",480,15,0,5,1
"1365",470,13,0,3,1
"1366",510,16,1,4,1
"1367",420,12,0,1,0
"1368",540,20,1,6,0
"1369",480,16,0,5,0
"1370",410,9,0,1,1
"1371",580,17,1,7,1
"1372",460,11,0,4,0
"1373",450,11,0,2,0
"1374",410,16,0,1,1
"1375",470,13,0,5,1
"1376",500,15,1,6,0
"1377",430,12,0,1,0
"1378",400,15,0,1,1
"1379",540,18,1,6,0
"1380",440,12,0,1,1
"1381",540,15,1,2,0
"1382",450,15,0,4,0
"1383",440,15,0,3,1
"1384",570,20,1,6,1
"1385",500,18,1,5,0
"1386",530,20,1,4,1
"1387",570,14,1,6,0
"1388",440,14,0,2,1
"1389",430,14,0,2,0
"1390",580,16,1,7,1
"1391",420,12,0,2,1
"1392",430,9,0,1,1
"1393",450,18,0,5,1
"1394",450,14,0,3,0
"1395",400,12,0,1,0
"1396",510,15,1,5,0
"1397",450,13,0,2,0
"1398",470,11,0,2,0
"1399",560,20,1,6,0
"1400",600,18,1,6,0
"1401",510,16,1,2,0
"1402",490,15,0,3,1
"1403",530,12,1,3,1
"1404",410,14,0,3,1
"1405",570,19,1,6,0
"1406",520,17,1,7,0
"1407",590,16,1,7,1
"1408",520,16,1,5,1
"1409",480,16,0,4,0
"1410",590,14,1,6,0
"1411",530,15,1,4,1
"1412",440,15,0,5,1
"1413",600,14,1,5,0
"1414",550,13,1,3,0
"1415",470,18,0,6,0
"1416",550,16,1,6,1
"1417",530,14,1,4,0
"1418",460,10,0,1,0
"1419",540,13,1,3,1
"1420",560,15,1,5,0
"1421",440,14,0,2,0
"1422",460,17,0,5,1
"1423",480,16,0,6,0
"1424",400,14,0,2,1
"1425",480,14,0,3,1
"1426",550,12,1,6,0
"1427",490,13,0,2,0
"1428",430,10,0,2,1
"1429",600,21,1,7,0
"1430",410,11,0,1,0
"1431",490,15,0,3,0
"1432",500,15,1,2,1
"1433",590,20,1,7,0
"1434",590,14,1,5,0
"1435",520,12,1,5,1
"1436",430,12,0,1,0
"1437",530,17,1,5,1
"1438",400,9,0,2,0
"1439",510,16,1,5,0
"1440",570,17,1,5,0
"1441",590,17,1,7,0
"1442",540,16,1,3,0
"1443",570,14,1,3,0
"1444",560,16,1,4,1
"1445",470,12,0,1,1
"1446",450,14,0,5,1
"1447",540,17,1,4,1
"1448",470,15,0,4,0
"1449",460,12,0,1,1
"1450",520,13,1,4,1
"1451",520,13,1,3,1
"1452",490,20,0,5,1
"1453",540,18,1,5,0
"1454",600,15,1,6,1
"1455",580,16,1,7,0
"1456",420,15,0,1,0
"1457",540,15,1,4,1
"1458",510,19,1,7,0
"1459",430,12,0,2,1
"1460",440,17,0,5,0
"1461",530,15,1,5,0
"1462",470,16,0,3,1
"1463",530,9,1,1,0
"1464",410,17,0,2,0
"1465",450,11,0,2,1
"1466",450,14,0,2,0
"1467",440,14,0,4,1
"1468",480,13,0,4,0
"1469",520,15,1,5,1
"1470",540,18,1,5,0
"1471",540,14,1,5,1
"1472",510,14,1,5,0
"1473",520,14,1,1,0
"1474",470,12,0,2,0
"1475",430,14,0,3,1
"1476",540,17,1,7,0
"1477",420,15,0,2,1
"1478",520,17,1,5,0
"1479",400,16,0,4,1
"1480",410,13,0,3,1
"1481",600,18,1,6,0
"1482",450,16,0,1,0
"1483",560,17,1,7,1
"1484",410,15,0,4,1
"1485",550,15,1,6,0
"1486",420,12,0,2,1
"1487",490,18,0,3,1
"1488",420,11,0,1,1
"1489",600,15,1,6,1
"1490",480,16,0,5,0
"1491",570,16,1,7,0
"1492",530,14,1,4,1
"1493",450,14,0,2,1
"1494",490,17,0,5,0
"1495",520,13,1,1,0
"1496",480,13,0,3,1
"1497",580,21,1,6,0
"1498",450,14,0,4,1
"1499",570,13,1,5,1
"1500",560,20,1,7,1
"1501",590,18,1,6,0
"1502",410,11,0,1,1
"1503",470,15,0,5,1
"1504",580,9,1,3,1
"1505",490,15,0,4,0
"1506",500,15,1,4,0
"1507",580,17,1,7,0
"1508",510,16,1,6,1
"1509",420,14,0,2,1
"1510",470,14,0,2,0
"1511",440,19,0,4,0
"1512",590,16,1,6,1
"1513",500,11,1,3,1
"1514",570,16,1,6,1
"1515",560,18,1,6,1
"1516",540,19,1,7,0
"1517",440,16,0,3,0
"1518",410,13,0,1,0
"1519",480,14,0,5,0
"1520",580,12,1,5,0
"1521",450,12,0,3,1
"1522",520,16,1,5,0
"1523",430,12,0,2,1
"1524",430,11,0,2,1
"1525",520,12,1,3,1
"1526",570,16,1,7,1
"1527",530,18,1,6,1
"1528",590,17,1,7,0
"1529",530,14,1,3,1
"1530",510,10,1,2,0
"1531",560,15,1,3,0
"1532",550,17,1,5,1
"1533",420,10,0,1,1
"1534",430,14,0,2,1
"1535",570,17,1,5,0
"1536",510,20,1,5,1
"1537",480,15,0,5,1
"1538",420,15,0,5,0
"1539",450,12,0,2,1
"1540",470,13,0,3,1
"1541",590,12,1,4,0
"1542",520,14,1,4,1
"1543",520,16,1,6,1
"1544",420,14,0,3,1
"1545",480,13,0,3,1
"1546",500,11,1,1,0
"1547",590,17,1,7,1
"1548",590,16,1,6,1
"1549",430,10,0,1,1
"1550",460,11,0,1,1
"1551",550,22,1,7,1
"1552",590,21,1,7,0
"1553",490,16,0,3,1
"1554",520,17,1,5,1
"1555",410,15,0,1,1
"1556",460,14,0,2,1
"1557",420,14,0,3,1
"1558",600,18,1,7,0
"1559",470,17,0,4,0
"1560",510,10,1,2,1
"1561",590,18,1,7,0
"1562",500,18,1,5,1
"1563",580,12,1,4,0
"1564",430,15,0,1,0
"1565",450,13,0,5,1
"1566",580,15,1,6,0
"1567",420,13,0,1,0
"1568",530,11,1,3,1
"1569",600,23,1,7,0
"1570",600,17,1,7,1
"1571",440,11,0,1,0
"1572",510,17,1,2,0
"1573",520,14,1,5,1
"1574",500,15,1,4,0
"1575",400,13,0,2,1
"1576",590,19,1,7,0
"1577",560,17,1,6,1
"1578",510,18,1,5,1
"1579",440,21,0,6,1
"1580",470,16,0,4,1
"1581",550,14,1,5,0
"1582",560,13,1,5,0
"1583",570,13,1,5,1
"1584",590,16,1,5,0
"1585",490,15,0,6,0
"1586",450,13,0,2,0
"1587",590,21,1,7,0
"1588",510,12,1,2,1
"1589",410,16,0,2,0
"1590",540,14,1,4,1
"1591",490,16,0,5,1
"1592",460,16,0,3,1
"1593",430,12,0,1,1
"1594",410,12,0,2,1
"1595",480,16,0,5,0
"1596",530,14,1,4,1
"1597",570,12,1,4,0
"1598",470,17,0,3,1
"1599",440,13,0,2,0
"1600",460,16,0,3,1
"1601",410,16,0,2,1
"1602",500,15,1,4,0
"1603",530,13,1,3,1
"1604",530,16,1,4,1
"1605",530,16,1,5,1
"1606",410,7,0,1,1
"1607",540,18,1,5,0
"1608",450,13,0,1,1
"1609",440,16,0,5,0
"1610",410,13,0,1,0
"1611",450,14,0,2,0
"1612",450,12,0,3,1
"1613",530,17,1,6,1
"1614",480,14,0,3,0
"1615",410,13,0,1,1
"1616",410,9,0,1,1
"1617",540,15,1,4,1
"1618",400,14,0,1,1
"1619",420,11,0,1,1
"1620",430,14,0,2,1
"1621",400,21,0,3,0
"1622",440,17,0,5,1
"1623",580,15,1,6,0
"1624",490,15,0,2,0
"1625",560,14,1,4,0
"1626",550,21,1,7,1
"1627",430,14,0,3,1
"1628",580,15,1,6,0
"1629",570,18,1,5,0
"1630",590,20,1,7,0
"1631",600,17,1,7,0
"1632",420,14,0,4,1
"1633",450,17,0,3,1
"1634",590,22,1,7,0
"1635",490,14,0,4,0
"1636",510,17,1,5,0
"1637",520,12,1,4,0
"1638",530,14,1,4,0
"1639",440,12,0,4,1
"1640",570,17,1,6,0
"1641",420,13,0,1,0
"1642",530,15,1,5,0
"1643",540,16,1,6,1
"1644",440,14,0,3,0
"1645",440,12,0,2,1
"1646",490,11,0,1,0
"1647",480,15,0,3,0
"1648",440,14,0,3,1
"1649",550,16,1,6,0
"1650",520,18,1,5,1
"1651",420,10,0,1,1
"1652",510,16,1,4,0
"1653",490,13,0,5,1
"1654",510,16,1,5,1
"1655",480,11,0,3,0
"1656",460,13,0,2,1
"1657",560,13,1,4,1
"1658",400,16,0,2,0
"1659",540,15,1,4,1
"1660",470,16,0,4,0
"1661",600,17,1,6,1
"1662",570,16,1,7,0
"1663",550,19,1,5,1
"1664",570,16,1,6,1
"1665",500,16,1,4,1
"1666",400,15,0,3,1
"1667",580,18,1,7,0
"1668",410,15,0,1,1
"1669",580,17,1,7,0
"1670",440,15,0,4,1
"1671",540,19,1,7,0
"1672",470,16,0,5,0
"1673",570,19,1,7,0
"1674",530,11,1,4,1
"1675",490,12,0,3,1
"1676",480,16,0,5,1
"1677",580,17,1,6,0
"1678",560,13,1,5,0
"1679",490,17,0,5,0
"1680",490,14,0,6,0
"1681",520,21,1,6,0
"1682",410,8,0,1,1
"1683",440,19,0,4,1
"1684",490,15,0,4,1
"1685",550,19,1,7,1
"1686",530,18,1,6,0
"1687",590,15,1,7,0
"1688",580,16,1,7,0
"1689",550,21,1,6,1
"1690",580,16,1,6,0
"1691",510,15,1,4,1
"1692",410,12,0,1,0
"1693",560,17,1,6,0
"1694",530,20,1,7,0
"1695",500,13,1,3,1
"1696",460,12,0,2,0
"1697",460,15,0,2,0
"1698",570,17,1,5,0
"1699",400,12,0,2,1
"1700",470,16,0,4,1
"1701",480,12,0,4,1
"1702",420,16,0,3,1
"1703",550,17,1,7,0
"1704",480,12,0,3,0
"1705",530,16,1,3,1
"1706",470,15,0,5,1
"1707",560,18,1,6,0
"1708",470,12,0,3,1
"1709",490,16,0,4,0
"1710",490,17,0,6,1
"1711",470,16,0,2,1
"1712",470,11,0,3,0
"1713",570,19,1,7,1
"1714",490,14,0,2,0
"1715",450,11,0,2,0
"1716",490,10,0,3,0
"1717",570,19,1,6,1
"1718",570,15,1,5,0
"1719",500,13,1,4,1
"1720",570,18,1,7,0
"1721",460,15,0,4,1
"1722",410,15,0,2,1
"1723",420,11,0,1,1
"1724",400,13,0,1,1
"1725",510,19,1,6,0
"1726",580,19,1,7,0
"1727",440,14,0,2,1
"1728",560,15,1,5,0
"1729",400,13,0,5,1
"1730",470,12,0,2,1
"1731",400,13,0,2,0
"1732",580,17,1,7,0
"1733",530,15,1,5,1
"1734",510,16,1,6,0
"1735",580,17,1,7,1
"1736",430,11,0,3,0
"1737",480,20,0,6,0
"1738",490,14,0,5,1
"1739",460,17,0,3,0
"1740",590,19,1,6,0
"1741",480,20,0,5,0
"1742",450,15,0,4,1
"1743",420,15,0,3,0
"1744",550,12,1,5,1
"1745",530,17,1,6,0
"1746",420,16,0,3,1
"1747",540,19,1,6,0
"1748",550,13,1,3,1
"1749",530,14,1,2,1
"1750",530,15,1,2,1
"1751",490,13,0,4,1
"1752",460,12,0,1,0
"1753",550,16,1,4,0
"1754",590,14,1,3,0
"1755",440,11,0,2,1
"1756",510,11,1,4,0
"1757",470,17,0,5,0
"1758",550,17,1,6,0
"1759",470,16,0,5,0
"1760",540,19,1,6,1
"1761",510,14,1,3,0
"1762",600,18,1,7,0
"1763",440,14,0,3,0
"1764",450,19,0,5,0
"1765",480,13,0,4,0
"1766",540,12,1,4,0
"1767",500,18,1,6,0
"1768",490,13,0,5,1
"1769",470,14,0,2,0
"1770",540,19,1,6,0
"1771",530,14,1,5,0
"1772",490,16,0,3,0
"1773",460,16,0,3,0
"1774",520,17,1,4,0
"1775",540,19,1,6,1
"1776",460,15,0,3,0
"1777",500,16,1,3,1
"1778",530,22,1,7,0
"1779",500,14,1,3,1
"1780",460,13,0,4,1
"1781",490,17,0,4,1
"1782",570,22,1,7,0
"1783",420,14,0,3,1
"1784",600,15,1,7,0
"1785",490,12,0,3,1
"1786",530,15,1,5,1
"1787",550,13,1,4,0
"1788",590,17,1,5,0
"1789",450,12,0,1,0
"1790",570,15,1,7,1
"1791",450,15,0,3,1
"1792",540,15,1,7,0
"1793",410,12,0,1,0
"1794",540,13,1,4,0
"1795",540,14,1,4,0
"1796",580,19,1,7,0
"1797",440,16,0,4,1
"1798",510,15,1,5,0
"1799",600,26,1,7,0
"1800",500,15,1,3,1
"1801",440,10,0,1,1
"1802",560,14,1,5,0
"1803",440,14,0,2,0
"1804",570,16,1,6,1
"1805",580,17,1,5,1
"1806",500,15,1,3,1
"1807",470,14,0,1,1
"1808",480,15,0,4,0
"1809",440,11,0,2,0
"1810",560,13,1,3,0
"1811",480,15,0,2,1
"1812",500,10,1,3,1
"1813",410,13,0,2,1
"1814",450,17,0,4,1
"1815",540,16,1,6,0
"1816",480,14,0,3,1
"1817",450,12,0,2,0
"1818",460,20,0,5,1
"1819",410,14,0,2,1
"1820",440,12,0,2,0
"1821",540,17,1,5,0
"1822",510,16,1,4,1
"1823",400,9,0,2,0
"1824",480,14,0,4,1
"1825",580,22,1,7,1
"1826",470,13,0,2,1
"1827",400,10,0,1,0
"1828",580,16,1,7,0
"1829",430,15,0,2,0
"1830",570,20,1,6,1
"1831",590,18,1,7,0
"1832",440,13,0,2,0
"1833",530,19,1,6,0
"1834",560,18,1,7,1
"1835",450,11,0,3,0
"1836",420,13,0,3,0
"1837",590,17,1,6,0
"1838",550,21,1,6,0
"1839",510,18,1,6,1
"1840",490,18,0,5,1
"1841",530,17,1,5,0
"1842",520,17,1,5,0
"1843",450,15,0,3,1
"1844",410,14,0,2,0
"1845",560,18,1,6,0
"1846",400,12,0,1,1
"1847",480,16,0,4,0
"1848",590,15,1,6,1
"1849",550,14,1,5,1
"1850",400,15,0,1,1
"1851",500,14,1,4,0
"1852",510,13,1,3,1
"1853",570,16,1,6,1
"1854",490,17,0,6,1
"1855",450,15,0,2,1
"1856",520,15,1,3,0
"1857",510,17,1,6,0
"1858",410,13,0,2,1
"1859",540,11,1,2,0
"1860",410,11,0,1,1
"1861",580,19,1,7,0
"1862",470,18,0,4,1
"1863",440,16,0,4,1
"1864",520,16,1,5,0
"1865",440,16,0,3,0
"1866",590,19,1,7,0
"1867",420,16,0,3,1
"1868",540,20,1,7,1
"1869",580,17,1,6,1
"1870",510,16,1,4,0
"1871",540,15,1,5,0
"1872",550,12,1,4,0
"1873",420,15,0,2,1
"1874",590,15,1,6,1
"1875",400,14,0,2,1
"1876",570,18,1,6,1
"1877",590,11,1,4,0
"1878",500,14,1,4,0
"1879",590,15,1,5,0
"1880",520,14,1,4,1
"1881",510,17,1,5,0
"1882",560,17,1,7,1
"1883",490,15,0,2,0
"1884",530,13,1,2,1
"1885",540,17,1,6,0
"1886",410,14,0,2,1
"1887",530,12,1,3,1
"1888",560,12,1,5,0
"1889",440,19,0,5,0
"1890",530,11,1,4,0
"1891",590,15,1,7,0
"1892",500,17,1,6,1
"1893",580,17,1,7,0
"1894",440,14,0,1,0
"1895",600,14,1,5,0
"1896",450,15,0,7,1
"1897",460,10,0,2,1
"1898",430,11,0,3,1
"1899",560,17,1,4,0
"1900",550,13,1,7,0
"1901",550,18,1,5,1
"1902",420,16,0,2,0
"1903",410,19,0,5,1
"1904",570,16,1,7,0
"1905",570,13,1,4,0
"1906",440,16,0,3,1
"1907",410,16,0,4,1
"1908",540,17,1,6,0
"1909",520,13,1,3,0
"1910",560,18,1,5,0
"1911",540,18,1,5,0
"1912",540,17,1,4,0
"1913",550,18,1,6,1
"1914",460,13,0,5,1
"1915",430,17,0,4,0
"1916",400,12,0,1,1
"1917",440,15,0,3,1
"1918",540,13,1,4,0
"1919",590,16,1,4,0
"1920",600,18,1,6,0
"1921",520,12,1,4,1
"1922",490,13,0,2,1
"1923",480,15,0,4,0
"1924",430,15,0,3,1
"1925",420,13,0,2,0
"1926",520,16,1,5,1
"1927",570,16,1,7,1
"1928",410,11,0,1,1
"1929",560,17,1,6,1
"1930",480,15,0,4,1
"1931",550,13,1,5,0
"1932",430,16,0,4,1
"1933",490,17,0,4,0
"1934",550,17,1,6,0
"1935",560,17,1,7,1
"1936",440,15,0,3,1
"1937",430,15,0,4,1
"1938",420,12,0,1,0
"1939",420,9,0,1,0
"1940",480,15,0,5,0
"1941",540,16,1,7,0
"1942",570,15,1,7,1
"1943",550,13,1,5,0
"1944",480,17,0,4,0
"1945",420,17,0,4,0
"1946",570,15,1,5,1
"1947",430,17,0,4,1
"1948",570,16,1,6,1
"1949",490,21,0,5,0
"1950",450,12,0,2,1
"1951",420,16,0,4,1
"1952",600,17,1,7,0
"1953",440,15,0,3,1
"1954",460,14,0,4,0
"1955",560,18,1,5,0
"1956",540,16,1,5,1
"1957",430,13,0,2,1
"1958",530,14,1,3,0
"1959",510,18,1,7,1
"1960",410,11,0,1,1
"1961",410,13,0,1,1
"1962",570,13,1,5,0
"1963",550,17,1,7,0
"1964",450,14,0,3,1
"1965",440,12,0,2,1
"1966",530,15,1,3,0
"1967",400,11,0,1,1
"1968",430,14,0,3,1
"1969",480,15,0,3,0
"1970",410,7,0,1,1
"1971",510,9,1,1,0
"1972",590,18,1,7,1
"1973",550,16,1,7,0
"1974",510,20,1,5,0
"1975",520,18,1,6,0
"1976",440,11,0,1,0
"1977",440,13,0,3,0
"1978",500,19,1,4,1
"1979",410,13,0,1,1
"1980",530,15,1,4,0
"1981",420,11,0,1,0
"1982",580,16,1,6,0
"1983",510,16,1,2,0
"1984",420,16,0,3,1
"1985",440,14,0,3,0
"1986",530,19,1,7,0
"1987",590,20,1,7,0
"1988",560,16,1,4,0
"1989",560,14,1,6,0
"1990",470,10,0,1,1
"1991",480,17,0,4,0
"1992",480,16,0,5,1
"1993",440,15,0,4,0
"1994",420,13,0,1,1
"1995",490,13,0,3,1
"1996",410,11,0,1,1
"1997",430,14,0,1,0
"1998",520,19,1,7,0
"1999",530,15,1,6,0
"2000",560,18,1,6,0
"2001",410,15,0,3,1
"2002",590,17,1,7,1
"2003",530,17,1,5,0
"2004",460,8,0,1,0
"2005",420,11,0,1,1
"2006",550,19,1,5,0
"2007",530,15,1,4,0
"2008",510,20,1,5,0
"2009",590,18,1,7,1
"2010",430,19,0,1,1
"2011",410,12,0,2,0
"2012",420,11,0,2,1
"2013",540,14,1,3,0
"2014",410,12,0,2,0
"2015",520,20,1,6,0
"2016",570,17,1,6,1
"2017",540,18,1,6,0
"2018",580,18,1,7,0
"2019",590,17,1,5,0
"2020",470,15,0,2,1
"2021",510,18,1,5,1
"2022",430,18,0,3,1
"2023",450,14,0,3,1
"2024",500,18,1,5,0
"2025",440,9,0,1,0
"2026",440,15,0,4,1
"2027",440,15,0,2,0
"2028",560,19,1,7,0
"2029",550,17,1,6,1
"2030",470,9,0,1,1
"2031",560,16,1,5,1
"2032",530,16,1,4,0
"2033",430,16,0,3,1
"2034",400,14,0,1,1
"2035",500,21,1,6,0
"2036",530,13,1,3,0
"2037",450,13,0,2,1
"2038",520,17,1,6,0
"2039",540,14,1,3,0
"2040",400,16,0,3,1
"2041",400,11,0,2,1
"2042",420,14,0,4,0
"2043",520,10,1,1,1
"2044",600,15,1,4,0
"2045",540,15,1,5,0
"2046",420,15,0,3,1
"2047",420,9,0,1,0
"2048",480,17,0,4,1
"2049",430,12,0,2,1
"2050",520,14,1,3,1
"2051",520,14,1,3,0
"2052",500,12,1,4,0
"2053",530,22,1,6,1
"2054",510,17,1,5,0
"2055",490,15,0,4,1
"2056",480,11,0,2,0
"2057",480,17,0,6,1
"2058",570,14,1,4,1
"2059",570,11,1,3,0
"2060",480,18,0,5,0
"2061",490,15,0,5,1
"2062",430,17,0,3,1
"2063",430,15,0,2,0
"2064",460,14,0,4,1
"2065",600,15,1,4,0
"2066",560,11,1,3,0
"2067",570,16,1,3,1
"2068",450,10,0,1,1
"2069",590,13,1,6,0
"2070",560,13,1,5,0
"2071",540,12,1,4,1
"2072",500,16,1,4,0
"2073",580,16,1,7,0
"2074",540,13,1,4,0
"2075",530,16,1,3,1
"2076",570,13,1,3,1
"2077",450,14,0,2,1
"2078",580,13,1,6,0
"2079",540,15,1,4,1
"2080",470,14,0,4,1
"2081",570,16,1,6,0
"2082",570,13,1,4,0
"2083",590,17,1,7,0
"2084",460,11,0,2,1
"2085",410,16,0,1,1
"2086",490,15,0,2,0
"2087",560,20,1,7,0
"2088",440,12,0,2,1
"2089",490,15,0,3,0
"2090",420,14,0,1,1
"2091",530,13,1,4,0
"2092",460,14,0,3,0
"2093",490,17,0,6,0
"2094",500,11,1,4,0
"2095",490,12,0,4,0
"2096",570,12,1,6,0
"2097",440,12,0,2,1
"2098",510,13,1,4,0
"2099",520,13,1,3,1
"2100",590,15,1,5,1
"2101",580,19,1,7,0
"2102",600,19,1,7,1
"2103",600,18,1,7,0
"2104",510,15,1,4,1
"2105",400,11,0,1,1
"2106",420,11,0,1,0
"2107",540,16,1,5,0
"2108",520,11,1,3,1
"2109",570,14,1,5,0
"2110",560,17,1,6,0
"2111",470,16,0,3,1
"2112",450,15,0,4,1
"2113",500,14,1,3,0
"2114",570,22,1,7,1
"2115",530,12,1,5,1
"2116",430,10,0,2,0
"2117",430,11,0,1,1
"2118",480,14,0,3,0
"2119",510,19,1,4,0
"2120",460,14,0,4,0
"2121",520,15,1,2,0
"2122",520,17,1,4,1
"2123",470,19,0,6,1
"2124",580,15,1,6,0
"2125",540,17,1,5,0
"2126",530,15,1,3,1
"2127",570,15,1,4,0
"2128",500,18,1,6,0
"2129",520,8,1,1,1
"2130",600,19,1,7,1
"2131",440,11,0,1,1
"2132",570,15,1,5,1
"2133",430,14,0,4,1
"2134",550,21,1,7,0
"2135",410,11,0,1,1
"2136",410,13,0,2,1
"2137",420,11,0,1,1
"2138",460,13,0,4,1
"2139",590,16,1,7,1
"2140",520,14,1,4,1
"2141",580,18,1,7,1
"2142",490,17,0,6,1
"2143",520,16,1,4,0
"2144",570,16,1,5,1
"2145",550,15,1,5,0
"2146",470,11,0,1,0
"2147",480,13,0,3,0
"2148",510,12,1,2,0
"2149",550,22,1,5,0
"2150",440,17,0,4,1
"2151",540,15,1,4,0
"2152",470,17,0,4,1
"2153",520,13,1,4,1
"2154",570,12,1,5,1
"2155",560,17,1,5,0
"2156",470,16,0,4,0
"2157",530,17,1,5,0
"2158",400,16,0,2,1
"2159",440,14,0,1,1
"2160",450,13,0,2,0
"2161",580,18,1,5,0
"2162",520,17,1,5,1
"2163",430,16,0,3,1
"2164",430,16,0,3,1
"2165",410,14,0,1,0
"2166",410,12,0,1,1
"2167",580,15,1,5,0
"2168",580,12,1,5,0
"2169",430,10,0,1,0
"2170",590,14,1,5,0
"2171",420,14,0,3,0
"2172",450,14,0,1,0
"2173",540,15,1,4,0
"2174",510,13,1,3,1
"2175",470,15,0,3,1
"2176",570,12,1,4,0
"2177",460,16,0,6,1
"2178",480,12,0,1,0
"2179",580,17,1,7,0
"2180",520,17,1,7,0
"2181",490,11,0,4,1
"2182",540,14,1,5,1
"2183",520,15,1,4,0
"2184",540,15,1,4,1
"2185",440,15,0,2,1
"2186",480,11,0,3,0
"2187",540,20,1,7,0
"2188",500,12,1,2,0
"2189",430,12,0,1,0
"2190",600,17,1,6,1
"2191",550,12,1,4,0
"2192",490,20,0,7,1
"2193",580,16,1,6,0
"2194",500,14,1,3,0
"2195",420,12,0,3,0
"2196",490,14,0,4,1
"2197",490,14,0,6,1
"2198",480,18,0,4,0
"2199",420,15,0,1,0
"2200",570,17,1,6,0
"2201",500,17,1,7,0
"2202",410,15,0,3,0
"2203",560,15,1,3,1
"2204",510,14,1,3,1
"2205",530,16,1,5,0
"2206",400,15,0,1,1
"2207",580,13,1,4,1
"2208",530,14,1,5,0
"2209",460,14,0,4,1
"2210",510,13,1,3,1
"2211",420,15,0,3,0
"2212",400,14,0,1,1
"2213",430,12,0,1,1
"2214",540,14,1,4,1
"2215",450,14,0,5,1
"2216",410,15,0,4,1
"2217",430,14,0,2,1
"2218",460,15,0,4,1
"2219",570,19,1,7,0
"2220",430,13,0,2,1
"2221",440,14,0,1,0
"2222",580,15,1,7,1
"2223",590,18,1,7,0
"2224",580,18,1,6,0
"2225",460,14,0,2,1
"2226",590,16,1,5,0
"2227",520,19,1,7,1
"2228",560,20,1,6,1
"2229",590,18,1,7,0
"2230",590,16,1,5,1
"2231",500,10,1,1,0
"2232",510,20,1,5,0
"2233",510,14,1,3,1
"2234",500,14,1,4,1
"2235",510,17,1,5,0
"2236",530,16,1,6,1
"2237",590,18,1,6,0
"2238",460,14,0,4,1
"2239",600,15,1,6,0
"2240",400,14,0,2,0
"2241",500,18,1,6,0
"2242",460,15,0,3,0
"2243",420,9,0,1,1
"2244",570,18,1,6,0
"2245",590,19,1,5,0
"2246",560,17,1,6,1
"2247",600,13,1,5,0
"2248",490,15,0,5,0
"2249",440,13,0,1,1
"2250",510,16,1,4,1
"2251",510,14,1,5,1
"2252",490,15,0,5,0
"2253",580,14,1,6,1
"2254",410,16,0,4,1
"2255",560,17,1,6,1
"2256",540,13,1,4,0
"2257",530,14,1,5,1
"2258",420,12,0,1,0
"2259",500,17,1,3,1
"2260",600,15,1,7,0
"2261",430,13,0,1,0
"2262",590,15,1,6,1
"2263",590,15,1,5,0
"2264",520,18,1,5,0
"2265",530,12,1,3,0
"2266",560,15,1,6,0
"2267",500,13,1,4,1
"2268",590,15,1,5,0
"2269",470,11,0,2,1
"2270",590,16,1,7,0
"2271",440,13,0,4,1
"2272",500,17,1,5,0
"2273",560,15,1,5,0
"2274",410,13,0,1,0
"2275",580,15,1,6,0
"2276",460,13,0,1,0
"2277",450,15,0,3,1
"2278",600,15,1,6,0
"2279",420,14,0,2,1
"2280",520,19,1,7,1
"2281",460,17,0,4,0
"2282",540,10,1,2,0
"2283",480,14,0,5,0
"2284",410,14,0,2,1
"2285",410,12,0,1,1
"2286",490,16,0,3,1
"2287",460,12,0,1,0
"2288",560,16,1,4,0
"2289",500,14,1,4,1
"2290",500,15,1,3,0
"2291",480,16,0,4,1
"2292",510,15,1,4,1
"2293",600,17,1,5,0
"2294",420,15,0,2,1
"2295",530,14,1,4,1
"2296",440,16,0,5,1
"2297",470,15,0,5,1
"2298",550,18,1,7,1
"2299",470,17,0,3,1
"2300",410,13,0,1,1
"2301",470,13,0,4,1
"2302",490,12,0,3,1
"2303",410,11,0,1,0
"2304",430,16,0,4,1
"2305",560,14,1,5,0
"2306",550,19,1,7,1
"2307",580,14,1,4,0
"2308",410,13,0,1,1
"2309",560,16,1,5,0
"2310",430,17,0,4,1
"2311",450,12,0,1,1
"2312",410,15,0,2,1
"2313",580,16,1,6,0
"2314",520,13,1,2,1
"2315",530,16,1,5,1
"2316",510,19,1,5,1
"2317",570,18,1,7,0
"2318",490,17,0,5,0
"2319",560,14,1,5,0
"2320",470,13,0,4,1
"2321",590,17,1,5,0
"2322",540,15,1,4,0
"2323",500,13,1,2,1
"2324",440,15,0,2,0
"2325",550,15,1,4,0
"2326",480,15,0,3,0
"2327",540,16,1,4,0
"2328",470,17,0,5,1
"2329",590,12,1,4,0
"2330",540,21,1,7,1
"2331",470,13,0,2,1
"2332",590,17,1,6,0
"2333",460,14,0,2,1
"2334",530,15,1,4,0
"2335",530,12,1,3,0
"2336",530,16,1,7,1
"2337",450,16,0,2,0
"2338",490,13,0,5,1
"2339",460,13,0,2,1
"2340",430,12,0,3,0
"2341",400,16,0,3,0
"2342",480,13,0,4,0
"2343",440,14,0,3,1
"2344",560,20,1,7,1
"2345",490,14,0,4,1
"2346",460,12,0,1,1
"2347",500,18,1,4,0
"2348",520,18,1,4,0
"2349",580,15,1,6,0
"2350",500,14,1,2,0
"2351",420,18,0,4,1
"2352",520,15,1,5,0
"2353",540,16,1,3,0
"2354",470,13,0,4,0
"2355",450,18,0,3,1
"2356",420,12,0,1,1
"2357",600,17,1,7,0
"2358",550,14,1,7,0
"2359",540,11,1,2,1
"2360",440,15,0,2,0
"2361",490,16,0,5,1
"2362",540,14,1,6,1
"2363",460,16,0,3,1
"2364",540,10,1,3,0
"2365",420,18,0,2,0
"2366",400,12,0,1,1
"2367",510,15,1,4,1
"2368",540,11,1,4,1
"2369",570,19,1,5,1
"2370",450,13,0,2,1
"2371",520,14,1,3,0
"2372",540,21,1,6,0
"2373",410,16,0,3,1
"2374",590,14,1,4,1
"2375",560,15,1,4,0
"2376",480,17,0,6,0
"2377",420,13,0,5,1
"2378",550,14,1,5,0
"2379",470,15,0,4,0
"2380",470,15,0,3,0
"2381",520,17,1,6,1
"2382",460,19,0,5,1
"2383",540,12,1,4,1
"2384",410,12,0,2,0
"2385",420,16,0,1,1
"2386",540,18,1,7,0
"2387",520,15,1,5,0
"2388",600,12,1,4,0
"2389",430,13,0,1,0
"2390",450,16,0,4,0
"2391",410,10,0,2,0
"2392",530,11,1,2,0
"2393",590,17,1,6,0
"2394",480,17,0,5,1
"2395",580,19,1,7,0
"2396",410,11,0,1,1
"2397",470,13,0,3,1
"2398",440,13,0,1,1
"2399",470,15,0,2,1
"2400",560,17,1,6,1
"2401",450,12,0,3,0
"2402",480,12,0,3,1
"2403",480,15,0,5,1
"2404",510,13,1,1,0
"2405",460,18,0,5,0
"2406",540,14,1,3,0
"2407",570,15,1,6,1
"2408",540,17,1,6,1
"2409",560,15,1,5,0
"2410",440,16,0,5,1
"2411",560,16,1,5,1
"2412",450,14,0,2,1
"2413",420,12,0,1,1
"2414",500,16,1,4,1
"2415",570,16,1,5,0
"2416",510,16,1,3,1
"2417",430,15,0,3,1
"2418",440,10,0,2,1
"2419",440,13,0,2,0
"2420",420,15,0,1,0
"2421",600,18,1,5,0
"2422",490,13,0,4,1
"2423",400,16,0,4,0
"2424",540,16,1,5,0
"2425",490,19,0,7,1
"2426",540,14,1,4,1
"2427",410,12,0,1,1
"2428",500,13,1,2,1
"2429",590,20,1,7,0
"2430",500,16,1,5,0
"2431",440,14,0,3,0
"2432",470,17,0,6,0
"2433",500,16,1,5,1
"2434",490,15,0,7,0
"2435",510,18,1,6,0
"2436",480,10,0,2,1
"2437",420,13,0,3,1
"2438",530,14,1,2,0
"2439",590,16,1,6,0
"2440",460,13,0,4,1
"2441",480,18,0,3,0
"2442",550,20,1,6,1
"2443",440,18,0,4,0
"2444",480,13,0,2,0
"2445",490,16,0,4,1
"2446",530,18,1,4,0
"2447",520,18,1,4,0
"2448",550,17,1,5,1
"2449",590,17,1,7,0
"2450",530,16,1,5,1
"2451",510,13,1,4,1
"2452",470,12,0,3,1
"2453",440,11,0,2,1
"2454",550,15,1,7,0
"2455",520,14,1,4,1
"2456",480,9,0,2,0
"2457",450,12,0,1,0
"2458",420,16,0,4,0
"2459",400,14,0,2,1
"2460",590,22,1,7,0
"2461",470,11,0,2,1
"2462",430,14,0,3,1
"2463",450,15,0,5,1
"2464",480,15,0,2,1
"2465",520,16,1,4,0
"2466",510,13,1,4,0
"2467",440,15,0,4,0
"2468",400,13,0,1,1
"2469",430,7,0,1,1
"2470",450,16,0,3,0
"2471",510,13,1,3,0
"2472",510,13,1,2,0
"2473",420,8,0,1,1
"2474",490,18,0,4,0
"2475",570,13,1,6,1
"2476",430,11,0,2,0
"2477",540,14,1,4,1
"2478",460,13,0,1,0
"2479",600,17,1,6,0
"2480",490,15,0,5,1
"2481",450,18,0,3,0
"2482",410,14,0,1,1
"2483",530,13,1,6,0
"2484",550,14,1,7,0
"2485",530,20,1,7,1
"2486",550,15,1,6,0
"2487",550,15,1,7,1
"2488",590,11,1,4,1
"2489",470,13,0,2,1
"2490",470,13,0,3,1
"2491",400,10,0,1,0
"2492",580,15,1,4,0
"2493",600,18,1,7,0
"2494",450,13,0,5,0
"2495",450,13,0,3,1
"2496",550,15,1,4,1
"2497",400,17,0,4,1
"2498",560,17,1,6,0
"2499",440,11,0,2,1
"2500",560,11,1,3,1
"2501",530,13,1,3,1
"2502",470,14,0,3,0
"2503",400,11,0,1,1
"2504",570,18,1,7,0
"2505",600,16,1,4,0
"2506",530,13,1,5,0
"2507",460,11,0,1,1
"2508",520,16,1,4,0
"2509",560,15,1,5,0
"2510",550,19,1,7,0
"2511",600,13,1,6,0
"2512",450,15,0,5,0
"2513",480,19,0,5,1
"2514",520,19,1,7,0
"2515",420,16,0,3,0
"2516",440,14,0,4,1
"2517",490,16,0,4,1
"2518",510,9,1,2,1
"2519",490,17,0,6,0
"2520",480,15,0,5,1
"2521",460,13,0,3,1
"2522",410,14,0,4,1
"2523",410,12,0,1,0
"2524",530,18,1,6,0
"2525",430,16,0,2,1
"2526",420,20,0,5,1
"2527",450,12,0,3,0
"2528",420,16,0,2,1
"2529",560,19,1,5,0
"2530",560,19,1,7,0
"2531",410,14,0,1,1
"2532",540,17,1,5,0
"2533",430,12,0,2,1
"2534",530,18,1,5,0
"2535",460,11,0,2,0
"2536",500,11,1,3,0
"2537",440,13,0,2,1
"2538",490,20,0,7,0
"2539",550,14,1,6,1
"2540",520,18,1,7,0
"2541",530,13,1,1,1
"2542",560,21,1,7,1
"2543",430,13,0,1,1
"2544",520,12,1,2,0
"2545",420,17,0,4,1
"2546",490,15,0,5,1
"2547",410,9,0,1,0
"2548",420,10,0,1,1
"2549",520,15,1,6,0
"2550",470,16,0,3,0
"2551",580,17,1,6,0
"2552",400,10,0,1,1
"2553",500,18,1,7,1
"2554",450,13,0,2,0
"2555",420,13,0,3,0
"2556",490,12,0,3,0
"2557",400,11,0,1,1
"2558",420,11,0,1,0
"2559",530,15,1,5,0
"2560",580,17,1,5,0
"2561",550,17,1,6,0
"2562",580,15,1,6,0
"2563",460,17,0,4,1
"2564",440,15,0,3,0
"2565",450,11,0,1,0
"2566",470,15,0,3,1
"2567",510,16,1,5,0
"2568",410,12,0,1,1
"2569",440,14,0,1,1
"2570",450,14,0,4,1
"2571",560,14,1,3,1
"2572",590,16,1,5,0
"2573",460,11,0,2,1
"2574",460,12,0,3,1
"2575",480,18,0,5,0
"2576",400,9,0,1,1
"2577",520,14,1,2,0
"2578",440,15,0,3,1
"2579",430,14,0,4,1
"2580",470,13,0,3,1
"2581",430,14,0,1,1
"2582",590,15,1,6,0
"2583",450,15,0,1,1
"2584",470,12,0,4,1
"2585",480,17,0,5,0
"2586",460,14,0,3,0
"2587",530,16,1,6,1
"2588",590,15,1,7,0
"2589",430,13,0,1,0
"2590",540,13,1,3,0
"2591",440,18,0,5,1
"2592",560,13,1,4,0
"2593",510,12,1,4,1
"2594",500,15,1,4,1
"2595",500,16,1,5,1
"2596",550,12,1,4,0
"2597",530,16,1,4,1
"2598",570,17,1,4,0
"2599",440,14,0,2,0
"2600",400,12,0,2,0
"2601",560,13,1,4,0
"2602",600,14,1,5,0
"2603",560,15,1,5,0
"2604",570,15,1,5,0
"2605",490,17,0,4,1
"2606",440,14,0,1,0
"2607",600,18,1,7,1
"2608",560,17,1,7,1
"2609",450,9,0,1,1
"2610",460,12,0,6,0
"2611",520,21,1,7,0
"2612",490,16,0,4,0
"2613",550,14,1,4,0
"2614",490,17,0,7,0
"2615",480,14,0,2,0
"2616",450,15,0,3,0
"2617",430,13,0,3,1
"2618",410,17,0,4,1
"2619",410,11,0,1,1
"2620",410,14,0,1,1
"2621",410,10,0,1,0
"2622",560,12,1,4,1
"2623",510,14,1,6,1
"2624",400,15,0,3,1
"2625",510,14,1,3,0
"2626",480,13,0,2,0
"2627",530,13,1,4,1
"2628",490,15,0,3,0
"2629",490,16,0,3,1
"2630",460,16,0,5,1
"2631",490,13,0,3,0
"2632",500,15,1,5,0
"2633",520,15,1,4,1
"2634",480,17,0,5,1
"2635",430,13,0,2,0
"2636",540,13,1,5,0
"2637",520,13,1,4,0
"2638",550,15,1,4,0
"2639",480,19,0,6,0
"2640",470,18,0,4,1
"2641",500,16,1,3,1
"2642",580,17,1,5,0
"2643",570,17,1,7,0
"2644",470,13,0,4,1
"2645",550,16,1,6,0
"2646",590,13,1,5,0
"2647",440,11,0,3,0
"2648",550,14,1,5,0
"2649",570,15,1,5,0
"2650",500,14,1,4,1
"2651",530,15,1,6,0
"2652",470,12,0,1,1
"2653",550,12,1,5,0
"2654",530,15,1,3,0
"2655",590,14,1,5,0
"2656",510,17,1,4,0
"2657",530,18,1,5,0
"2658",550,20,1,6,0
"2659",530,20,1,5,0
"2660",590,17,1,5,0
"2661",470,19,0,6,0
"2662",550,16,1,7,0
"2663",600,14,1,6,1
"2664",500,14,1,3,0
"2665",540,16,1,4,0
"2666",430,10,0,1,1
"2667",580,12,1,4,0
"2668",450,16,0,3,1
"2669",550,21,1,6,1
"2670",520,17,1,5,0
"2671",460,14,0,3,0
"2672",450,17,0,4,1
"2673",500,17,1,4,1
"2674",440,17,0,4,0
"2675",530,15,1,5,0
"2676",540,15,1,4,0
"2677",570,17,1,6,0
"2678",440,14,0,2,0
"2679",430,21,0,3,1
"2680",410,9,0,2,1
"2681",510,16,1,4,0
"2682",490,17,0,4,1
"2683",440,12,0,1,1
"2684",490,11,0,4,1
"2685",490,13,0,4,0
"2686",500,13,1,4,1
"2687",580,17,1,5,1
"2688",460,14,0,6,1
"2689",480,15,0,4,1
"2690",570,13,1,6,0
"2691",590,14,1,6,0
"2692",580,15,1,5,0
"2693",500,19,1,7,0
"2694",460,16,0,3,0
"2695",430,12,0,1,0
"2696",510,15,1,4,0
"2697",410,15,0,3,1
"2698",560,18,1,7,0
"2699",460,13,0,1,0
"2700",480,20,0,5,1
"2701",510,16,1,4,0
"2702",420,10,0,1,1
"2703",430,13,0,2,1
"2704",440,14,0,2,0
"2705",530,17,1,5,1
"2706",560,10,1,2,0
"2707",510,12,1,1,0
"2708",470,14,0,4,1
"2709",520,16,1,5,1
"2710",510,17,1,4,1
"2711",490,13,0,3,0
"2712",530,13,1,3,0
"2713",430,15,0,3,1
"2714",410,14,0,1,1
"2715",410,16,0,2,1
"2716",530,16,1,4,0
"2717",430,12,0,1,0
"2718",480,17,0,3,0
"2719",520,20,1,6,0
"2720",540,16,1,6,0
"2721",490,15,0,4,0
"2722",580,20,1,7,1
"2723",520,11,1,4,1
"2724",420,17,0,4,0
"2725",500,16,1,5,0
"2726",480,13,0,5,1
"2727",570,14,1,5,0
"2728",550,16,1,4,1
"2729",450,13,0,3,0
"2730",450,14,0,2,0
"2731",540,15,1,4,0
"2732",470,15,0,3,1
"2733",510,17,1,4,1
"2734",530,16,1,4,0
"2735",410,12,0,1,1
"2736",560,20,1,7,0
"2737",550,17,1,7,1
"2738",530,15,1,5,1
"2739",450,16,0,4,0
"2740",430,16,0,2,1
"2741",590,18,1,7,1
"2742",600,21,1,7,0
"2743",560,19,1,6,0
"2744",460,16,0,4,1
"2745",590,18,1,7,0
"2746",480,13,0,3,1
"2747",450,10,0,1,1
"2748",440,12,0,1,0
"2749",580,13,1,5,0
"2750",520,13,1,4,1
"2751",480,13,0,3,0
"2752",480,16,0,3,0
"2753",420,14,0,3,1
"2754",440,12,0,1,0
"2755",460,19,0,4,0
"2756",510,16,1,4,1
"2757",590,15,1,6,1
"2758",420,13,0,5,1
"2759",510,16,1,4,1
"2760",570,15,1,5,0
"2761",530,14,1,5,1
"2762",550,15,1,5,0
"2763",420,16,0,3,1
"2764",490,13,0,5,1
"2765",480,16,0,4,0
"2766",460,11,0,3,0
"2767",460,17,0,5,0
"2768",510,15,1,5,1
"2769",520,12,1,3,1
"2770",480,12,0,3,1
"2771",460,15,0,4,0
"2772",500,16,1,6,0
"2773",440,13,0,1,0
"2774",440,18,0,7,1
"2775",600,19,1,7,0
"2776",560,15,1,6,0
"2777",440,11,0,1,0
"2778",550,17,1,5,0
"2779",530,17,1,6,0
"2780",490,13,0,3,0
"2781",470,16,0,2,1
"2782",530,14,1,5,0
"2783",570,12,1,5,0
"2784",440,20,0,3,0
"2785",510,10,1,3,1
"2786",550,17,1,6,0
"2787",470,13,0,3,0
"2788",540,13,1,4,1
"2789",540,15,1,5,1
"2790",430,15,0,2,0
"2791",560,19,1,6,0
"2792",420,15,0,1,0
"2793",590,16,1,6,0
"2794",430,12,0,1,1
"2795",570,18,1,6,0
"2796",590,15,1,5,0
"2797",560,15,1,6,0
"2798",510,17,1,5,1
"2799",400,14,0,2,0
"2800",590,16,1,4,1
"2801",590,18,1,7,0
"2802",570,23,1,7,0
"2803",550,17,1,5,0
"2804",490,15,0,3,0
"2805",490,11,0,2,1
"2806",460,12,0,3,1
"2807",460,15,0,5,1
"2808",580,14,1,6,0
"2809",490,16,0,3,1
"2810",450,11,0,2,0
"2811",500,10,1,3,0
"2812",550,13,1,4,0
"2813",470,13,0,2,1
"2814",530,16,1,5,1
"2815",420,13,0,3,0
"2816",470,15,0,1,1
"2817",570,16,1,4,0
"2818",520,13,1,5,0
"2819",570,18,1,7,1
"2820",440,15,0,3,1
"2821",510,12,1,3,0
"2822",490,17,0,3,0
"2823",470,17,0,5,1
"2824",420,16,0,2,1
"2825",520,17,1,4,0
"2826",480,17,0,4,1
"2827",580,20,1,7,0
"2828",580,18,1,7,0
"2829",420,14,0,1,1
"2830",460,17,0,2,0
"2831",570,12,1,6,0
"2832",570,14,1,3,1
"2833",570,17,1,6,0
"2834",600,19,1,7,0
"2835",500,19,1,4,1
"2836",450,22,0,7,1
"2837",520,17,1,4,0
"2838",410,15,0,2,1
"2839",570,14,1,6,0
"2840",530,17,1,5,0
"2841",600,16,1,6,1
"2842",510,16,1,5,0
"2843",500,16,1,6,0
"2844",470,12,0,3,1
"2845",550,20,1,7,1
"2846",440,16,0,2,1
"2847",490,16,0,4,0
"2848",580,17,1,6,0
"2849",570,19,1,7,0
"2850",440,19,0,4,1
"2851",600,17,1,6,0
"2852",540,15,1,3,1
"2853",480,18,0,5,0
"2854",600,17,1,5,0
"2855",460,12,0,2,0
"2856",490,17,0,5,1
"2857",480,19,0,6,1
"2858",500,15,1,3,1
"2859",500,16,1,5,1
"2860",470,12,0,2,0
"2861",430,13,0,3,1
"2862",550,20,1,7,0
"2863",500,16,1,4,0
"2864",530,15,1,4,1
"2865",510,13,1,3,1
"2866",400,13,0,1,1
"2867",470,15,0,3,0
"2868",400,14,0,1,0
"2869",530,17,1,5,0
"2870",500,18,1,4,0
"2871",540,12,1,1,0
"2872",570,15,1,7,0
"2873",510,12,1,1,1
"2874",530,18,1,5,1
"2875",580,17,1,7,0
"2876",460,11,0,2,0
"2877",590,17,1,5,0
"2878",490,18,0,5,0
"2879",580,17,1,5,0
"2880",520,17,1,4,0
"2881",540,18,1,6,0
"2882",590,12,1,5,0
"2883",460,16,0,5,0
"2884",570,17,1,7,0
"2885",460,14,0,3,1
"2886",560,16,1,6,0
"2887",460,14,0,3,1
"2888",450,16,0,2,1
"2889",600,20,1,7,1
"2890",400,7,0,1,0
"2891",590,15,1,4,0
"2892",470,15,0,4,0
"2893",480,13,0,3,1
"2894",470,14,0,3,0
"2895",430,16,0,4,0
"2896",480,15,0,4,0
"2897",580,14,1,6,0
"2898",460,15,0,3,1
"2899",450,17,0,4,1
"2900",460,15,0,5,0
"2901",560,19,1,6,0
"2902",460,15,0,3,0
"2903",440,15,0,2,1
"2904",530,15,1,5,1
"2905",480,12,0,3,0
"2906",450,15,0,3,1
"2907",450,14,0,2,1
"2908",430,11,0,2,1
"2909",410,16,0,3,1
"2910",420,18,0,3,1
"2911",450,14,0,1,1
"2912",470,12,0,4,0
"2913",480,19,0,6,1
"2914",460,14,0,4,0
"2915",590,16,1,6,1
"2916",480,19,0,5,0
"2917",590,19,1,7,1
"2918",540,13,1,3,0
"2919",480,11,0,1,1
"2920",500,7,1,1,0
"2921",470,15,0,4,1
"2922",480,14,0,4,0
"2923",410,12,0,2,1
"2924",590,18,1,5,0
"2925",550,18,1,6,1
"2926",470,17,0,2,1
"2927",520,15,1,5,1
"2928",490,17,0,6,1
"2929",460,10,0,1,1
"2930",570,15,1,4,0
"2931",570,15,1,5,0
"2932",420,17,0,4,0
"2933",460,13,0,3,0
"2934",480,14,0,4,1
"2935",430,13,0,1,1
"2936",560,16,1,6,1
"2937",530,15,1,5,0
"2938",520,17,1,5,0
"2939",410,15,0,2,1
"2940",520,18,1,6,1
"2941",420,16,0,3,1
"2942",590,14,1,4,0
"2943",570,18,1,6,1
"2944",510,13,1,4,0
"2945",560,20,1,6,0
"2946",400,8,0,1,1
"2947",600,19,1,7,0
"2948",550,16,1,4,0
"2949",490,17,0,4,0
"2950",470,13,0,1,0
"2951",500,15,1,3,1
"2952",450,14,0,3,0
"2953",470,16,0,3,0
"2954",580,16,1,6,0
"2955",540,14,1,1,0
"2956",550,14,1,4,0
"2957",470,14,0,4,1
"2958",510,13,1,2,1
"2959",420,13,0,3,1
"2960",570,18,1,6,1
"2961",490,16,0,4,0
"2962",470,12,0,2,0
"2963",600,15,1,6,0
"2964",420,14,0,3,1
"2965",400,15,0,2,1
"2966",420,13,0,1,0
"2967",530,15,1,4,1
"2968",430,14,0,1,0
"2969",480,13,0,3,1
"2970",480,14,0,4,0
"2971",560,17,1,5,1
"2972",410,7,0,1,1
"2973",510,23,1,7,1
"2974",440,19,0,3,0
"2975",420,14,0,3,0
"2976",450,12,0,1,0
"2977",450,17,0,4,0
"2978",540,16,1,5,1
"2979",480,16,0,4,1
"2980",590,15,1,6,1
"2981",540,16,1,5,1
"2982",490,15,0,4,0
"2983",550,12,1,3,1
"2984",500,20,1,5,1
"2985",450,14,0,3,0
"2986",490,16,0,3,0
"2987",520,13,1,2,1
"2988",500,15,1,5,1
"2989",480,20,0,6,0
"2990",480,16,0,5,1
"2991",580,15,1,7,0
"2992",420,16,0,2,0
"2993",450,11,0,3,0
"2994",530,14,1,5,0
"2995",570,18,1,5,0
"2996",590,16,1,5,0
"2997",410,9,0,1,1
"2998",450,15,0,3,1
"2999",600,17,1,7,0
"3000",420,15,0,3,1
"3001",520,14,1,2,0
"3002",510,15,1,3,0
"3003",420,13,0,2,1
"3004",510,16,1,4,1
"3005",430,12,0,2,1
"3006",530,16,1,4,0
"3007",500,15,1,5,0
"3008",420,14,0,2,1
"3009",470,14,0,4,1
"3010",400,11,0,1,1
"3011",410,15,0,2,1
"3012",530,17,1,6,1
"3013",550,17,1,6,0
"3014",480,19,0,7,0
"3015",410,11,0,2,1
"3016",490,17,0,3,0
"3017",470,22,0,6,1
"3018",530,19,1,6,1
"3019",530,17,1,5,0
"3020",440,12,0,1,0
"3021",440,14,0,4,0
"3022",470,21,0,6,0
"3023",550,14,1,5,0
"3024",460,12,0,1,1
"3025",560,15,1,5,1
"3026",590,16,1,6,0
"3027",540,17,1,5,0
"3028",560,16,1,7,0
"3029",530,14,1,5,0
"3030",580,16,1,6,0
"3031",550,15,1,4,1
"3032",500,19,1,5,0
"3033",530,12,1,2,0
"3034",460,13,0,5,0
"3035",540,16,1,5,0
"3036",440,17,0,3,1
"3037",480,14,0,3,1
"3038",460,11,0,2,0
"3039",490,14,0,3,0
"3040",460,14,0,4,0
"3041",440,15,0,3,1
"3042",520,14,1,5,0
"3043",580,16,1,6,0
"3044",480,13,0,3,0
"3045",530,16,1,3,0
"3046",600,14,1,7,0
"3047",540,16,1,5,1
"3048",550,10,1,3,0
"3049",410,10,0,1,1
"3050",540,15,1,5,1
"3051",490,15,0,6,1
"3052",400,15,0,3,1
"3053",530,16,1,3,1
"3054",440,14,0,3,1
"3055",580,18,1,7,0
"3056",470,9,0,2,1
"3057",550,18,1,7,0
"3058",470,20,0,6,0
"3059",520,12,1,4,0
"3060",410,13,0,3,1
"3061",500,20,1,4,0
"3062",410,12,0,3,0
"3063",430,15,0,3,1
"3064",440,8,0,1,1
"3065",520,20,1,7,1
"3066",480,15,0,3,0
"3067",590,18,1,7,0
"3068",520,19,1,5,0
"3069",470,13,0,3,1
"3070",480,13,0,1,0
"3071",590,18,1,7,1
"3072",590,19,1,7,0
"3073",500,14,1,2,1
"3074",440,14,0,3,0
"3075",570,19,1,6,0
"3076",510,20,1,5,1
"3077",590,19,1,7,0
"3078",510,17,1,5,0
"3079",460,17,0,3,1
"3080",560,17,1,6,1
"3081",540,16,1,6,1
"3082",550,14,1,4,0
"3083",570,14,1,4,0
"3084",450,11,0,1,0
"3085",540,16,1,3,0
"3086",450,15,0,4,0
"3087",480,14,0,3,0
"3088",420,13,0,2,0
"3089",460,15,0,3,1
"3090",460,13,0,4,0
"3091",560,17,1,6,0
"3092",540,18,1,6,1
"3093",580,16,1,7,0
"3094",540,17,1,5,0
"3095",500,16,1,3,1
"3096",540,18,1,7,0
"3097",510,17,1,5,1
"3098",460,17,0,5,0
"3099",500,12,1,2,0
"3100",480,9,0,1,0
"3101",570,15,1,6,0
"3102",550,18,1,6,0
"3103",430,9,0,1,1
"3104",460,17,0,3,0
"3105",440,14,0,4,1
"3106",510,14,1,3,0
"3107",480,15,0,4,0
"3108",410,13,0,1,0
"3109",430,13,0,1,1
"3110",540,18,1,3,0
"3111",440,10,0,3,0
"3112",450,11,0,3,0
"3113",510,12,1,4,0
"3114",560,13,1,4,0
"3115",540,17,1,4,1
"3116",600,14,1,5,0
"3117",540,13,1,6,0
"3118",430,15,0,2,1
"3119",480,16,0,3,0
"3120",580,20,1,7,0
"3121",590,14,1,4,0
"3122",480,15,0,3,0
"3123",480,19,0,6,0
"3124",510,12,1,3,1
"3125",490,15,0,5,1
"3126",570,22,1,7,0
"3127",480,15,0,6,1
"3128",460,12,0,2,1
"3129",480,13,0,2,0
"3130",520,12,1,3,0
"3131",570,19,1,7,0
"3132",400,12,0,2,0
"3133",430,19,0,5,0
"3134",480,15,0,3,1
"3135",480,12,0,2,0
"3136",440,14,0,1,1
"3137",440,17,0,6,1
"3138",470,7,0,1,1
"3139",440,16,0,5,1
"3140",470,18,0,6,0
"3141",530,15,1,5,1
"3142",520,16,1,6,0
"3143",550,17,1,5,0
"3144",580,15,1,6,0
"3145",420,10,0,1,0
"3146",600,15,1,6,0
"3147",500,12,1,3,1
"3148",570,18,1,7,1
"3149",430,11,0,2,0
"3150",510,13,1,5,0
"3151",510,16,1,5,0
"3152",440,20,0,6,1
"3153",430,12,0,2,0
"3154",490,15,0,3,0
"3155",450,12,0,3,0
"3156",450,11,0,1,1
"3157",560,20,1,7,1
"3158",540,18,1,6,0
"3159",580,16,1,4,1
"3160",420,15,0,3,1
"3161",590,17,1,5,0
"3162",410,9,0,1,1
"3163",490,19,0,6,0
"3164",510,15,1,6,1
"3165",560,19,1,6,1
"3166",590,15,1,2,0
"3167",450,11,0,4,1
"3168",410,18,0,4,0
"3169",570,19,1,7,0
"3170",590,17,1,7,0
"3171",460,16,0,4,1
"3172",530,14,1,3,0
"3173",540,13,1,6,1
"3174",470,17,0,6,1
"3175",590,16,1,6,0
"3176",570,16,1,6,0
"3177",500,19,1,5,0
"3178",480,14,0,2,0
"3179",480,18,0,4,1
"3180",530,12,1,4,0
"3181",460,17,0,4,0
"3182",500,16,1,6,1
"3183",520,9,1,2,0
"3184",470,16,0,2,1
"3185",430,13,0,1,1
"3186",550,17,1,5,1
"3187",590,18,1,6,0
"3188",540,15,1,4,0
"3189",590,17,1,5,0
"3190",420,11,0,3,1
"3191",410,13,0,2,0
"3192",430,15,0,6,1
"3193",560,17,1,6,1
"3194",600,17,1,6,0
"3195",580,20,1,7,0
"3196",510,12,1,3,1
"3197",560,16,1,4,0
"3198",520,15,1,3,1
"3199",430,10,0,2,1
"3200",560,16,1,6,1
"3201",470,11,0,1,1
"3202",420,12,0,1,1
"3203",460,15,0,5,1
"3204",560,20,1,7,0
"3205",460,13,0,6,1
"3206",550,16,1,6,0
"3207",550,13,1,4,0
"3208",470,14,0,3,1
"3209",520,17,1,5,0
"3210",460,17,0,5,0
"3211",580,16,1,6,0
"3212",440,16,0,5,1
"3213",480,17,0,4,1
"3214",570,15,1,4,1
"3215",470,16,0,4,0
"3216",520,12,1,4,0
"3217",580,16,1,5,0
"3218",570,17,1,7,1
"3219",460,12,0,3,0
"3220",470,14,0,4,1
"3221",520,13,1,4,1
"3222",550,14,1,4,0
"3223",460,17,0,4,1
"3224",540,11,1,5,0
"3225",430,12,0,2,1
"3226",470,13,0,2,1
"3227",510,13,1,3,1
"3228",530,13,1,4,1
"3229",560,17,1,5,0
"3230",520,14,1,3,1
"3231",460,19,0,5,1
"3232",560,19,1,7,0
"3233",460,17,0,2,0
"3234",500,19,1,4,0
"3235",500,14,1,4,0
"3236",560,14,1,5,1
"3237",470,13,0,4,0
"3238",560,20,1,5,0
"3239",550,15,1,3,0
"3240",540,11,1,5,0
"3241",400,14,0,1,1
"3242",440,14,0,4,1
"3243",440,15,0,4,1
"3244",470,12,0,3,0
"3245",590,17,1,7,1
"3246",490,15,0,4,0
"3247",590,22,1,7,0
"3248",580,12,1,4,0
"3249",490,14,0,4,0
"3250",480,16,0,3,0
"3251",450,16,0,3,0
"3252",420,13,0,3,0
"3253",530,16,1,5,0
"3254",480,16,0,5,1
"3255",480,16,0,5,0
"3256",470,13,0,5,0
"3257",440,12,0,3,1
"3258",520,17,1,5,0
"3259",500,20,1,7,0
"3260",470,7,0,1,0
"3261",510,17,1,5,0
"3262",460,17,0,3,1
"3263",510,17,1,7,0
"3264",510,16,1,4,1
"3265",400,14,0,2,0
"3266",550,19,1,6,0
"3267",450,12,0,2,1
"3268",520,14,1,3,0
"3269",460,13,0,2,1
"3270",490,18,0,6,0
"3271",510,15,1,5,1
"3272",570,17,1,7,0
"3273",480,13,0,4,1
"3274",590,15,1,4,1
"3275",410,11,0,3,0
"3276",550,20,1,7,0
"3277",460,15,0,2,0
"3278",430,10,0,1,0
"3279",510,17,1,4,0
"3280",470,13,0,4,1
"3281",440,15,0,4,1
"3282",540,13,1,3,0
"3283",520,16,1,7,0
"3284",430,13,0,5,0
"3285",520,13,1,4,0
"3286",550,17,1,6,1
"3287",530,13,1,3,1
"3288",500,16,1,5,1
"3289",560,15,1,5,0
"3290",550,16,1,6,0
"3291",520,17,1,4,1
"3292",580,16,1,7,0
"3293",410,12,0,1,1
"3294",440,16,0,4,0
"3295",540,19,1,5,0
"3296",460,15,0,6,0
"3297",480,14,0,3,0
"3298",560,19,1,7,1
"3299",480,12,0,2,1
"3300",590,17,1,6,1
"3301",590,16,1,6,0
"3302",410,15,0,3,0
"3303",540,17,1,6,1
"3304",570,20,1,7,0
"3305",490,14,0,4,0
"3306",400,16,0,2,0
"3307",480,14,0,2,0
"3308",470,17,0,4,1
"3309",480,16,0,4,1
"3310",500,15,1,4,0
"3311",590,17,1,7,1
"3312",420,17,0,2,1
"3313",530,15,1,6,0
"3314",420,15,0,2,0
"3315",470,18,0,4,0
"3316",510,15,1,4,0
"3317",480,11,0,1,1
"3318",580,12,1,4,0
"3319",550,16,1,6,0
"3320",560,11,1,5,0
"3321",530,15,1,3,0
"3322",400,15,0,2,1
"3323",420,15,0,2,0
"3324",400,12,0,1,1
"3325",480,17,0,5,0
"3326",420,9,0,1,0
"3327",600,13,1,6,0
"3328",510,14,1,3,1
"3329",440,11,0,1,0
"3330",470,15,0,6,0
"3331",420,14,0,4,1
"3332",570,16,1,6,0
"3333",480,16,0,4,0
"3334",460,15,0,3,1
"3335",590,16,1,5,0
"3336",430,11,0,3,1
"3337",600,13,1,3,0
"3338",590,21,1,7,0
"3339",410,11,0,2,1
"3340",550,15,1,3,0
"3341",480,18,0,5,1
"3342",590,14,1,5,0
"3343",440,19,0,6,1
"3344",590,17,1,5,0
"3345",470,13,0,3,1
"3346",520,14,1,7,1
"3347",410,13,0,1,1
"3348",580,17,1,6,0
"3349",440,16,0,3,0
"3350",450,14,0,2,1
"3351",480,11,0,2,0
"3352",430,9,0,1,0
"3353",480,13,0,2,1
"3354",500,11,1,5,0
"3355",580,17,1,5,0
"3356",490,18,0,5,0
"3357",560,15,1,4,0
"3358",440,17,0,6,1
"3359",450,14,0,4,1
"3360",430,14,0,5,1
"3361",500,16,1,5,0
"3362",480,14,0,3,1
"3363",560,15,1,5,1
"3364",440,12,0,1,1
"3365",470,14,0,2,1
"3366",490,13,0,3,1
"3367",530,17,1,4,1
"3368",540,15,1,5,0
"3369",560,16,1,6,0
"3370",470,16,0,2,0
"3371",440,14,0,3,0
"3372",450,15,0,5,0
"3373",430,11,0,1,1
"3374",520,14,1,4,1
"3375",400,12,0,2,1
"3376",470,18,0,5,0
"3377",530,12,1,5,0
"3378",480,10,0,3,0
"3379",560,20,1,6,0
"3380",540,17,1,6,0
"3381",590,14,1,6,1
"3382",430,8,0,1,1
"3383",510,12,1,2,1
"3384",480,19,0,5,0
"3385",550,15,1,1,0
"3386",520,15,1,2,0
"3387",570,17,1,6,1
"3388",520,17,1,5,0
"3389",590,17,1,7,1
"3390",590,15,1,7,0
"3391",570,16,1,7,0
"3392",470,20,0,6,0
"3393",400,11,0,1,1
"3394",450,13,0,2,0
"3395",430,12,0,1,1
"3396",530,17,1,5,1
"3397",470,12,0,2,0
"3398",470,18,0,4,1
"3399",530,17,1,6,0
"3400",420,14,0,2,1
"3401",530,11,1,1,1
"3402",580,15,1,5,0
"3403",440,13,0,1,0
"3404",470,17,0,3,0
"3405",530,14,1,5,1
"3406",510,12,1,3,0
"3407",590,19,1,7,0
"3408",440,14,0,3,1
"3409",480,13,0,2,0
"3410",530,10,1,1,0
"3411",550,12,1,4,0
"3412",560,19,1,7,0
"3413",410,12,0,1,1
"3414",500,18,1,6,0
"3415",590,17,1,5,1
"3416",550,14,1,6,0
"3417",500,15,1,3,0
"3418",490,14,0,3,1
"3419",510,16,1,4,1
"3420",580,16,1,5,1
"3421",410,15,0,3,1
"3422",440,9,0,1,1
"3423",600,21,1,7,1
"3424",450,14,0,3,1
"3425",480,13,0,3,0
"3426",450,12,0,2,0
"3427",430,17,0,3,1
"3428",540,14,1,3,0
"3429",460,15,0,3,1
"3430",540,18,1,7,1
"3431",590,14,1,5,0
"3432",590,21,1,7,0
"3433",500,11,1,3,1
"3434",500,13,1,3,0
"3435",600,18,1,5,1
"3436",440,9,0,1,1
"3437",560,17,1,6,0
"3438",550,14,1,5,0
"3439",450,11,0,2,0
"3440",600,16,1,7,0
"3441",470,14,0,3,1
"3442",440,16,0,4,1
"3443",430,17,0,3,1
"3444",410,15,0,1,0
"3445",510,13,1,2,0
"3446",460,18,0,5,1
"3447",500,15,1,4,1
"3448",430,11,0,1,1
"3449",500,17,1,5,1
"3450",570,14,1,5,0
"3451",440,15,0,2,1
"3452",570,21,1,7,1
"3453",550,15,1,4,0
"3454",480,12,0,3,0
"3455",470,18,0,7,1
"3456",550,22,1,7,0
"3457",520,14,1,5,0
"3458",540,18,1,6,1
"3459",470,14,0,4,0
"3460",500,16,1,5,1
"3461",530,17,1,5,0
"3462",410,15,0,2,1
"3463",580,14,1,5,1
"3464",490,14,0,4,0
"3465",480,13,0,3,1
"3466",510,13,1,3,1
"3467",570,13,1,6,1
"3468",550,16,1,6,1
"3469",460,14,0,2,0
"3470",550,17,1,6,0
"3471",530,16,1,4,0
"3472",560,18,1,7,0
"3473",470,11,0,5,0
"3474",560,12,1,5,1
"3475",450,12,0,3,0
"3476",550,18,1,7,0
"3477",490,15,0,3,0
"3478",590,18,1,6,1
"3479",420,18,0,4,0
"3480",570,16,1,5,0
"3481",500,15,1,6,0
"3482",560,20,1,7,1
"3483",410,13,0,3,1
"3484",540,18,1,5,0
"3485",480,17,0,5,1
"3486",450,12,0,2,0
"3487",410,11,0,1,1
"3488",470,15,0,3,1
"3489",400,15,0,1,1
"3490",470,16,0,5,1
"3491",590,15,1,6,1
"3492",480,14,0,4,0
"3493",410,18,0,2,1
"3494",590,14,1,6,0
"3495",430,16,0,2,0
"3496",570,16,1,6,0
"3497",400,17,0,5,1
"3498",420,10,0,1,0
"3499",550,15,1,5,1
"3500",500,16,1,5,1
"3501",500,15,1,5,0
"3502",420,9,0,1,1
"3503",590,15,1,4,1
"3504",470,11,0,1,1
"3505",570,18,1,7,1
"3506",570,16,1,5,0
"3507",410,9,0,1,1
"3508",600,12,1,3,0
"3509",490,16,0,5,0
"3510",540,16,1,4,0
"3511",430,17,0,2,1
"3512",590,20,1,7,1
"3513",510,18,1,7,1
"3514",580,17,1,7,1
"3515",430,16,0,1,0
"3516",440,16,0,3,1
"3517",500,18,1,5,0
"3518",410,8,0,1,0
"3519",450,14,0,4,1
"3520",560,16,1,7,0
"3521",460,16,0,2,1
"3522",400,11,0,2,1
"3523",550,14,1,3,0
"3524",420,18,0,5,0
"3525",440,11,0,1,1
"3526",590,17,1,6,0
"3527",500,15,1,5,0
"3528",430,17,0,4,1
"3529",520,15,1,5,1
"3530",520,17,1,5,0
"3531",540,11,1,3,1
"3532",560,17,1,5,1
"3533",430,16,0,4,0
"3534",560,17,1,6,1
"3535",530,23,1,6,1
"3536",470,15,0,5,1
"3537",480,18,0,4,1
"3538",480,18,0,4,0
"3539",470,16,0,3,0
"3540",460,13,0,3,1
"3541",520,14,1,3,1
"3542",530,15,1,5,0
"3543",570,18,1,5,1
"3544",560,17,1,6,0
"3545",530,12,1,4,0
"3546",590,10,1,1,0
"3547",580,16,1,7,1
"3548",410,13,0,1,1
"3549",410,15,0,2,1
"3550",520,16,1,5,1
"3551",550,17,1,4,1
"3552",440,20,0,3,1
"3553",450,14,0,3,1
"3554",560,17,1,5,0
"3555",580,19,1,6,0
"3556",440,11,0,2,0
"3557",470,17,0,6,0
"3558",460,15,0,4,0
"3559",440,12,0,2,1
"3560",450,16,0,2,1
"3561",450,17,0,4,0
"3562",490,15,0,3,1
"3563",510,17,1,5,1
"3564",420,14,0,2,1
"3565",530,14,1,5,0
"3566",430,12,0,1,0
"3567",590,24,1,7,1
"3568",450,16,0,2,1
"3569",480,18,0,4,1
"3570",590,22,1,7,0
"3571",540,14,1,5,0
"3572",400,16,0,3,0
"3573",590,16,1,6,0
"3574",540,17,1,5,0
"3575",520,14,1,6,1
"3576",580,17,1,7,0
"3577",570,13,1,4,0
"3578",510,18,1,4,1
"3579",550,15,1,3,0
"3580",510,16,1,5,0
"3581",530,16,1,5,0
"3582",420,16,0,5,0
"3583",500,13,1,3,0
"3584",510,16,1,4,1
"3585",490,16,0,5,0
"3586",510,15,1,3,1
"3587",590,15,1,7,0
"3588",530,14,1,5,1
"3589",520,13,1,4,0
"3590",590,20,1,7,0
"3591",520,15,1,3,0
"3592",590,17,1,6,0
"3593",470,13,0,3,1
"3594",460,7,0,1,1
"3595",600,18,1,7,0
"3596",540,17,1,6,0
"3597",520,13,1,2,0
"3598",540,15,1,3,1
"3599",590,16,1,6,0
"3600",510,19,1,5,1
"3601",530,15,1,5,0
"3602",590,22,1,7,1
"3603",420,21,0,6,0
"3604",460,16,0,4,1
"3605",570,16,1,6,0
"3606",500,15,1,3,1
"3607",590,18,1,7,0
"3608",410,14,0,3,1
"3609",460,15,0,2,1
"3610",490,14,0,6,0
"3611",420,15,0,3,1
"3612",440,11,0,3,1
"3613",490,15,0,3,0
"3614",500,13,1,3,0
"3615",460,14,0,3,1
"3616",540,15,1,5,0
"3617",570,15,1,4,1
"3618",500,17,1,5,1
"3619",510,12,1,3,1
"3620",550,13,1,4,1
"3621",400,14,0,2,0
"3622",590,15,1,5,0
"3623",530,15,1,2,0
"3624",500,15,1,5,1
"3625",470,18,0,5,1
"3626",480,17,0,4,0
"3627",540,18,1,6,0
"3628",490,14,0,2,0
"3629",530,16,1,6,0
"3630",460,16,0,4,0
"3631",460,14,0,4,1
"3632",490,18,0,6,0
"3633",590,18,1,7,0
"3634",470,17,0,5,1
"3635",570,18,1,6,0
"3636",580,18,1,5,1
"3637",460,14,0,2,1
"3638",440,15,0,3,0
"3639",560,21,1,7,1
"3640",470,16,0,3,0
"3641",500,19,1,6,0
"3642",570,15,1,6,1
"3643",490,13,0,5,1
"3644",480,16,0,4,0
"3645",480,19,0,6,1
"3646",480,14,0,6,1
"3647",510,18,1,5,1
"3648",500,15,1,1,1
"3649",570,16,1,6,0
"3650",480,16,0,5,0
"3651",450,11,0,1,1
"3652",580,12,1,5,0
"3653",410,14,0,3,1
"3654",530,14,1,3,0
"3655",500,16,1,6,1
"3656",550,16,1,4,0
"3657",580,16,1,6,0
"3658",590,15,1,4,0
"3659",600,18,1,7,0
"3660",520,17,1,3,0
"3661",510,17,1,5,0
"3662",450,14,0,1,0
"3663",470,14,0,2,1
"3664",600,19,1,7,0
"3665",500,15,1,6,0
"3666",470,12,0,1,1
"3667",450,20,0,5,1
"3668",560,15,1,6,0
"3669",430,16,0,3,0
"3670",430,13,0,4,1
"3671",470,13,0,3,1
"3672",540,17,1,6,0
"3673",460,12,0,3,0
"3674",420,12,0,2,0
"3675",490,14,0,4,1
"3676",430,16,0,3,1
"3677",530,15,1,5,1
"3678",470,10,0,1,0
"3679",440,14,0,2,0
"3680",430,15,0,2,0
"3681",440,5,0,1,1
"3682",520,13,1,3,0
"3683",510,21,1,7,1
"3684",470,13,0,3,0
"3685",510,14,1,4,1
"3686",540,15,1,5,0
"3687",400,19,0,4,1
"3688",410,13,0,4,0
"3689",600,16,1,6,0
"3690",420,11,0,1,1
"3691",570,17,1,6,0
"3692",540,13,1,4,0
"3693",560,16,1,4,0
"3694",560,13,1,5,1
"3695",570,20,1,7,1
"3696",440,13,0,1,1
"3697",570,18,1,7,0
"3698",540,13,1,4,0
"3699",450,17,0,3,0
"3700",430,16,0,5,1
"3701",550,17,1,6,0
"3702",510,14,1,2,1
"3703",450,17,0,4,1
"3704",540,16,1,6,0
"3705",440,15,0,2,1
"3706",540,13,1,3,1
"3707",420,19,0,6,0
"3708",450,12,0,2,0
"3709",530,16,1,5,1
"3710",470,15,0,5,1
"3711",510,11,1,2,0
"3712",570,15,1,5,0
"3713",490,16,0,4,1
"3714",490,17,0,4,1
"3715",480,12,0,3,0
"3716",420,13,0,1,0
"3717",410,8,0,1,0
"3718",500,19,1,7,0
"3719",510,15,1,5,1
"3720",590,15,1,6,0
"3721",540,14,1,6,1
"3722",540,14,1,4,0
"3723",560,16,1,6,0
"3724",410,14,0,4,1
"3725",600,15,1,6,0
"3726",460,13,0,2,1
"3727",580,19,1,7,0
"3728",530,17,1,5,0
"3729",480,13,0,4,1
"3730",570,15,1,5,1
"3731",480,13,0,1,1
"3732",530,12,1,4,1
"3733",450,20,0,5,1
"3734",490,13,0,5,0
"3735",450,14,0,2,0
"3736",520,12,1,2,0
"3737",410,13,0,3,1
"3738",460,13,0,2,1
"3739",540,17,1,4,1
"3740",590,16,1,6,1
"3741",440,17,0,4,0
"3742",510,12,1,3,0
"3743",590,17,1,7,0
"3744",410,13,0,1,1
"3745",420,12,0,1,1
"3746",450,16,0,2,1
"3747",430,15,0,3,1
"3748",580,18,1,7,0
"3749",400,10,0,1,1
"3750",450,15,0,4,1
"3751",500,17,1,3,1
"3752",540,15,1,5,0
"3753",590,19,1,7,0
"3754",440,12,0,1,0
"3755",560,17,1,5,0
"3756",510,14,1,4,0
"3757",540,16,1,5,0
"3758",590,14,1,5,0
"3759",480,13,0,2,1
"3760",560,14,1,4,0
"3761",550,13,1,4,0
"3762",520,14,1,4,0
"3763",510,15,1,3,1
"3764",480,17,0,4,0
"3765",590,20,1,7,1
"3766",420,14,0,1,0
"3767",490,15,0,3,1
"3768",460,12,0,3,1
"3769",410,11,0,1,0
"3770",480,14,0,4,1
"3771",450,16,0,3,0
"3772",460,14,0,4,1
"3773",470,15,0,5,0
"3774",520,15,1,4,0
"3775",510,19,1,5,0
"3776",470,12,0,2,0
"3777",530,19,1,6,1
"3778",560,16,1,6,0
"3779",490,13,0,3,1
"3780",420,13,0,2,0
"3781",560,14,1,6,0
"3782",470,18,0,4,1
"3783",440,10,0,3,1
"3784",400,13,0,2,1
"3785",570,18,1,6,0
"3786",430,10,0,1,0
"3787",500,13,1,4,0
"3788",500,17,1,6,1
"3789",510,15,1,4,1
"3790",410,12,0,2,0
"3791",470,16,0,4,0
"3792",500,17,1,5,0
"3793",410,17,0,3,0
"3794",470,14,0,3,0
"3795",450,12,0,3,1
"3796",460,10,0,3,0
"3797",500,16,1,4,0
"3798",480,18,0,6,1
"3799",420,16,0,4,1
"3800",430,12,0,2,1
"3801",420,11,0,1,1
"3802",560,18,1,7,1
"3803",420,12,0,1,1
"3804",570,22,1,7,0
"3805",420,10,0,1,1
"3806",450,12,0,3,1
"3807",470,16,0,3,1
"3808",520,16,1,4,0
"3809",580,19,1,7,0
"3810",570,16,1,4,1
"3811",470,13,0,3,0
"3812",460,18,0,6,1
"3813",540,19,1,6,0
"3814",540,15,1,5,1
"3815",570,14,1,5,0
"3816",530,17,1,5,1
"3817",470,17,0,5,1
"3818",450,17,0,4,0
"3819",500,14,1,5,1
"3820",460,13,0,3,1
"3821",510,14,1,7,1
"3822",550,19,1,7,0
"3823",500,13,1,3,1
"3824",530,16,1,7,1
"3825",450,13,0,3,0
"3826",480,14,0,1,1
"3827",520,19,1,6,0
"3828",490,16,0,5,0
"3829",560,14,1,4,0
"3830",570,17,1,5,0
"3831",440,14,0,3,0
"3832",510,20,1,6,0
"3833",590,14,1,6,0
"3834",510,15,1,4,1
"3835",510,18,1,7,1
"3836",560,14,1,5,0
"3837",510,18,1,6,0
"3838",540,15,1,4,0
"3839",590,17,1,7,0
"3840",490,12,0,4,0
"3841",570,13,1,4,0
"3842",480,13,0,4,1
"3843",560,18,1,6,1
"3844",410,11,0,1,0
"3845",480,15,0,3,1
"3846",420,14,0,2,0
"3847",430,11,0,1,0
"3848",530,14,1,5,0
"3849",580,16,1,5,1
"3850",510,13,1,4,1
"3851",520,13,1,4,0
"3852",410,17,0,3,1
"3853",560,16,1,6,1
"3854",490,17,0,5,0
"3855",520,13,1,2,1
"3856",450,15,0,3,0
"3857",560,14,1,5,0
"3858",470,16,0,4,0
"3859",460,15,0,3,1
"3860",580,14,1,4,0
"3861",540,19,1,7,0
"3862",530,16,1,3,0
"3863",490,13,0,4,0
"3864",590,19,1,7,0
"3865",430,16,0,3,1
"3866",540,13,1,4,0
"3867",590,16,1,5,0
"3868",570,16,1,6,1
"3869",540,17,1,5,0
"3870",540,16,1,6,0
"3871",560,13,1,3,1
"3872",480,19,0,4,1
"3873",410,14,0,1,1
"3874",580,16,1,7,1
"3875",450,16,0,6,1
"3876",430,10,0,1,0
"3877",530,17,1,5,1
"3878",450,17,0,2,0
"3879",590,18,1,7,0
"3880",410,16,0,3,0
"3881",400,15,0,4,1
"3882",570,13,1,6,0
"3883",600,14,1,7,0
"3884",530,18,1,4,1
"3885",590,17,1,7,1
"3886",590,16,1,6,0
"3887",480,15,0,4,1
"3888",570,12,1,4,1
"3889",420,13,0,1,1
"3890",550,18,1,5,0
"3891",430,16,0,2,0
"3892",460,15,0,5,1
"3893",550,18,1,6,0
"3894",500,14,1,4,0
"3895",520,18,1,2,0
"3896",420,15,0,3,1
"3897",540,19,1,6,1
"3898",480,14,0,2,1
"3899",450,10,0,1,0
"3900",470,15,0,3,1
"3901",450,13,0,2,0
"3902",580,18,1,7,0
"3903",410,9,0,2,1
"3904",470,13,0,4,1
"3905",510,12,1,4,1
"3906",570,21,1,7,1
"3907",490,14,0,4,0
"3908",540,15,1,2,1
"3909",570,12,1,3,1
"3910",490,12,0,3,0
"3911",410,12,0,1,1
"3912",520,17,1,5,0
"3913",450,11,0,2,1
"3914",410,13,0,1,1
"3915",540,17,1,7,0
"3916",410,11,0,3,1
"3917",490,21,0,5,1
"3918",420,10,0,1,1
"3919",540,21,1,6,1
"3920",550,19,1,7,0
"3921",430,14,0,1,1
"3922",560,14,1,5,0
"3923",430,13,0,3,1
"3924",540,19,1,6,1
"3925",550,19,1,6,0
"3926",520,15,1,4,1
"3927",590,13,1,5,0
"3928",530,15,1,5,0
"3929",430,12,0,3,1
"3930",570,15,1,5,0
"3931",520,15,1,4,1
"3932",470,13,0,2,0
"3933",440,15,0,3,0
"3934",600,15,1,5,0
"3935",480,14,0,2,1
"3936",420,9,0,1,1
"3937",480,17,0,5,0
"3938",430,15,0,3,1
"3939",510,16,1,2,0
"3940",450,12,0,3,1
"3941",440,16,0,2,1
"3942",410,13,0,1,0
"3943",580,16,1,6,0
"3944",420,17,0,3,1
"3945",420,12,0,1,1
"3946",540,15,1,4,0
"3947",420,13,0,2,1
"3948",400,11,0,1,1
"3949",440,16,0,5,1
"3950",540,19,1,5,0
"3951",450,15,0,4,1
"3952",500,18,1,6,1
"3953",470,16,0,5,0
"3954",550,18,1,7,1
"3955",410,20,0,4,1
"3956",520,20,1,5,1
"3957",450,13,0,4,0
"3958",540,18,1,4,1
"3959",430,15,0,2,0
"3960",540,15,1,6,0
"3961",560,18,1,6,1
"3962",460,11,0,2,1
"3963",530,14,1,3,1
"3964",520,14,1,5,0
"3965",530,16,1,5,0
"3966",410,16,0,2,1
"3967",520,12,1,2,1
"3968",430,12,0,2,1
"3969",530,12,1,1,0
"3970",560,16,1,6,1
"3971",490,15,0,4,1
"3972",460,14,0,3,1
"3973",570,16,1,6,1
"3974",580,14,1,6,0
"3975",560,17,1,6,1
"3976",430,15,0,2,1
"3977",420,14,0,1,0
"3978",490,17,0,7,1
"3979",460,16,0,4,1
"3980",500,16,1,3,1
"3981",470,17,0,5,0
"3982",410,12,0,1,1
"3983",590,13,1,5,0
"3984",470,14,0,4,0
"3985",480,15,0,3,0
"3986",460,14,0,4,0
"3987",550,13,1,7,1
"3988",410,9,0,1,1
"3989",450,21,0,7,0
"3990",570,11,1,3,0
"3991",590,13,1,5,1
"3992",480,14,0,4,1
"3993",430,9,0,1,0
"3994",470,13,0,3,1
"3995",580,17,1,6,1
"3996",550,17,1,6,1
"3997",510,12,1,4,1
"3998",590,18,1,6,0
"3999",520,18,1,6,0
"4000",400,16,0,3,0
"4001",470,11,0,1,1
"4002",500,15,1,4,1
"4003",470,12,0,4,1
"4004",450,15,0,3,0
"4005",470,18,0,5,1
"4006",480,14,0,4,0
"4007",410,15,0,3,1
"4008",570,16,1,4,1
"4009",420,12,0,1,0
"4010",550,15,1,5,1
"4011",530,18,1,7,1
"4012",470,19,0,4,1
"4013",530,19,1,7,1
"4014",550,21,1,7,0
"4015",410,13,0,2,1
"4016",440,13,0,1,1
"4017",460,13,0,3,0
"4018",530,16,1,5,0
"4019",410,13,0,2,0
"4020",460,14,0,2,1
"4021",450,17,0,3,1
"4022",550,20,1,6,0
"4023",530,15,1,3,0
"4024",450,14,0,3,1
"4025",580,17,1,7,0
"4026",460,15,0,2,1
"4027",560,15,1,5,1
"4028",460,13,0,5,1
"4029",440,10,0,1,0
"4030",500,14,1,4,0
"4031",400,10,0,1,0
"4032",480,13,0,2,0
"4033",510,20,1,5,1
"4034",500,15,1,4,0
"4035",540,16,1,4,0
"4036",420,13,0,1,1
"4037",490,16,0,4,0
"4038",430,14,0,1,0
"4039",430,16,0,3,0
"4040",540,18,1,5,0
"4041",590,15,1,6,0
"4042",520,13,1,5,0
"4043",430,15,0,4,0
"4044",480,16,0,5,1
"4045",520,15,1,5,1
"4046",490,12,0,4,0
"4047",440,17,0,4,1
"4048",490,18,0,5,0
"4049",580,14,1,4,0
"4050",420,16,0,1,0
"4051",500,15,1,2,1
"4052",490,14,0,5,1
"4053",530,15,1,4,1
"4054",490,14,0,4,1
"4055",450,13,0,2,1
"4056",590,14,1,6,1
"4057",500,12,1,4,0
"4058",490,14,0,4,0
"4059",580,19,1,7,0
"4060",490,11,0,1,1
"4061",510,14,1,4,1
"4062",540,18,1,6,0
"4063",540,14,1,3,0
"4064",510,18,1,5,0
"4065",570,16,1,6,0
"4066",470,18,0,4,1
"4067",560,15,1,4,0
"4068",530,14,1,6,0
"4069",580,18,1,6,0
"4070",550,14,1,6,0
"4071",540,13,1,4,1
"4072",510,14,1,4,0
"4073",580,12,1,5,1
"4074",530,15,1,5,0
"4075",420,15,0,3,1
"4076",510,15,1,4,1
"4077",430,10,0,1,0
"4078",520,14,1,2,0
"4079",500,17,1,6,1
"4080",520,17,1,6,0
"4081",520,17,1,4,1
"4082",540,14,1,5,1
"4083",560,16,1,5,1
"4084",550,18,1,6,1
"4085",550,15,1,4,0
"4086",400,12,0,1,1
"4087",470,13,0,2,0
"4088",490,15,0,3,0
"4089",550,18,1,4,1
"4090",410,13,0,3,0
"4091",590,15,1,5,0
"4092",570,17,1,6,1
"4093",430,8,0,2,1
"4094",520,19,1,7,0
"4095",410,12,0,3,0
"4096",520,16,1,3,0
"4097",460,13,0,2,1
"4098",440,16,0,3,1
"4099",400,10,0,1,0
"4100",420,10,0,1,1
"4101",550,13,1,3,1
"4102",410,11,0,1,0
"4103",590,19,1,6,0
"4104",450,14,0,3,0
"4105",420,17,0,3,0
"4106",510,13,1,4,0
"4107",460,14,0,3,1
"4108",590,20,1,7,1
"4109",590,18,1,7,1
"4110",590,16,1,5,0
"4111",470,20,0,5,1
"4112",420,10,0,1,1
"4113",530,17,1,5,0
"4114",490,12,0,3,0
"4115",570,12,1,3,0
"4116",550,15,1,5,1
"4117",590,13,1,4,0
"4118",470,11,0,2,1
"4119",450,15,0,6,1
"4120",600,18,1,7,0
"4121",540,17,1,7,0
"4122",590,16,1,7,0
"4123",490,15,0,4,1
"4124",470,13,0,3,0
"4125",540,17,1,5,1
"4126",490,16,0,5,0
"4127",510,15,1,3,0
"4128",490,16,0,2,0
"4129",480,11,0,2,1
"4130",570,12,1,5,0
"4131",490,16,0,4,1
"4132",500,16,1,4,1
"4133",400,11,0,2,0
"4134",410,13,0,3,0
"4135",570,16,1,5,0
"4136",520,16,1,6,0
"4137",420,14,0,1,1
"4138",580,14,1,4,0
"4139",560,15,1,5,0
"4140",420,15,0,4,1
"4141",440,10,0,3,0
"4142",590,15,1,6,0
"4143",490,17,0,5,1
"4144",460,13,0,3,1
"4145",460,15,0,3,1
"4146",530,15,1,3,0
"4147",570,15,1,6,0
"4148",450,14,0,4,0
"4149",550,10,1,4,1
"4150",530,17,1,6,1
"4151",430,10,0,1,0
"4152",510,16,1,6,0
"4153",500,15,1,5,0
"4154",490,15,0,5,0
"4155",590,21,1,7,0
"4156",510,14,1,5,1
"4157",520,14,1,3,1
"4158",520,20,1,6,0
"4159",520,15,1,2,0
"4160",470,13,0,1,1
"4161",530,18,1,5,1
"4162",490,12,0,5,0
"4163",470,16,0,3,1
"4164",510,18,1,4,1
"4165",600,14,1,5,1
"4166",530,14,1,4,1
"4167",570,17,1,7,0
"4168",580,19,1,7,0
"4169",520,13,1,5,1
"4170",470,18,0,6,0
"4171",490,15,0,6,0
"4172",420,14,0,3,1
"4173",520,15,1,6,1
"4174",410,14,0,2,1
"4175",530,14,1,4,0
"4176",530,15,1,5,0
"4177",490,12,0,3,1
"4178",590,18,1,7,0
"4179",480,11,0,3,0
"4180",470,12,0,1,1
"4181",450,12,0,2,1
"4182",550,18,1,6,0
"4183",570,19,1,7,0
"4184",450,14,0,3,0
"4185",470,11,0,1,1
"4186",560,14,1,5,0
"4187",500,17,1,4,1
"4188",540,16,1,6,0
"4189",460,16,0,4,1
"4190",470,13,0,4,1
"4191",540,11,1,4,1
"4192",560,15,1,3,0
"4193",420,12,0,1,0
"4194",450,16,0,4,1
"4195",430,14,0,1,0
"4196",460,11,0,2,0
"4197",460,12,0,2,0
"4198",450,12,0,2,1
"4199",590,12,1,3,0
"4200",400,12,0,1,0
"4201",530,13,1,4,1
"4202",500,11,1,4,0
"4203",510,16,1,4,0
"4204",520,20,1,6,0
"4205",440,12,0,1,1
"4206",450,17,0,3,1
"4207",550,17,1,6,1
"4208",440,11,0,1,1
"4209",460,16,0,4,1
"4210",460,12,0,1,1
"4211",400,12,0,1,1
"4212",500,18,1,6,0
"4213",420,14,0,4,0
"4214",500,16,1,4,1
"4215",410,16,0,1,0
"4216",410,15,0,3,1
"4217",550,19,1,6,0
"4218",460,15,0,4,0
"4219",480,18,0,6,0
"4220",480,18,0,4,1
"4221",460,17,0,5,0
"4222",430,13,0,2,1
"4223",550,16,1,4,0
"4224",550,15,1,4,0
"4225",410,11,0,1,0
"4226",550,14,1,6,0
"4227",450,12,0,3,1
"4228",490,14,0,3,1
"4229",580,12,1,5,0
"4230",580,15,1,6,0
"4231",440,13,0,4,0
"4232",550,17,1,3,0
"4233",400,9,0,1,0
"4234",470,12,0,1,0
"4235",500,19,1,7,0
"4236",580,18,1,7,0
"4237",430,16,0,4,1
"4238",500,14,1,1,1
"4239",550,16,1,4,1
"4240",530,21,1,7,0
"4241",590,17,1,5,0
"4242",520,12,1,4,1
"4243",560,12,1,3,0
"4244",460,16,0,3,1
"4245",530,17,1,5,0
"4246",580,14,1,5,0
"4247",500,16,1,4,0
"4248",490,14,0,4,1
"4249",480,11,0,3,1
"4250",600,18,1,7,1
"4251",550,17,1,4,0
"4252",520,14,1,5,0
"4253",540,12,1,4,0
"4254",520,19,1,7,1
"4255",410,17,0,3,1
"4256",590,15,1,5,1
"4257",520,17,1,3,0
"4258",400,14,0,1,0
"4259",470,17,0,6,0
"4260",600,15,1,6,0
"4261",430,15,0,4,1
"4262",470,14,0,4,1
"4263",540,15,1,6,0
"4264",530,16,1,6,1
"4265",540,13,1,6,1
"4266",590,16,1,6,1
"4267",510,17,1,6,0
"4268",540,13,1,3,0
"4269",570,21,1,7,0
"4270",570,17,1,6,1
"4271",450,11,0,3,1
"4272",570,14,1,4,0
"4273",550,13,1,5,0
"4274",540,16,1,7,1
"4275",460,17,0,3,0
"4276",450,12,0,2,1
"4277",530,15,1,4,0
"4278",580,19,1,6,0
"4279",550,14,1,3,0
"4280",460,15,0,2,1
"4281",510,17,1,5,1
"4282",520,12,1,3,1
"4283",560,14,1,5,1
"4284",480,18,0,4,1
"4285",510,18,1,4,0
"4286",600,20,1,7,1
"4287",440,21,0,7,1
"4288",550,20,1,7,1
"4289",540,13,1,3,0
"4290",400,13,0,2,1
"4291",520,11,1,3,0
"4292",410,12,0,2,0
"4293",550,16,1,6,1
"4294",500,12,1,1,0
"4295",510,16,1,5,1
"4296",540,17,1,2,0
"4297",470,17,0,4,1
"4298",600,15,1,5,0
"4299",570,16,1,6,1
"4300",460,16,0,2,1
"4301",410,15,0,4,1
"4302",420,16,0,3,1
"4303",520,16,1,7,1
"4304",460,13,0,3,0
"4305",570,17,1,6,0
"4306",420,13,0,1,1
"4307",550,16,1,7,0
"4308",460,12,0,3,1
"4309",420,10,0,1,1
"4310",510,19,1,6,1
"4311",500,12,1,4,1
"4312",430,17,0,5,1
"4313",470,12,0,2,1
"4314",440,17,0,4,1
"4315",500,17,1,4,1
"4316",520,14,1,3,0
"4317",550,17,1,6,1
"4318",500,15,1,4,1
"4319",490,15,0,4,1
"4320",500,18,1,6,0
"4321",450,10,0,1,0
"4322",540,16,1,5,0
"4323",520,17,1,5,0
"4324",500,12,1,4,0
"4325",500,16,1,3,1
"4326",510,15,1,3,0
"4327",540,14,1,4,0
"4328",530,20,1,7,0
"4329",420,14,0,2,0
"4330",470,15,0,6,1
"4331",450,7,0,1,1
"4332",530,18,1,5,0
"4333",480,14,0,3,1
"4334",500,13,1,2,0
"4335",560,16,1,6,1
"4336",410,14,0,4,0
"4337",430,14,0,1,0
"4338",480,11,0,2,1
"4339",450,17,0,4,1
"4340",410,13,0,1,0
"4341",590,16,1,5,0
"4342",520,18,1,6,0
"4343",480,15,0,2,0
"4344",490,19,0,7,1
"4345",500,14,1,3,0
"4346",450,17,0,3,1
"4347",560,19,1,6,0
"4348",410,12,0,1,0
"4349",510,14,1,3,0
"4350",530,15,1,4,0
"4351",500,15,1,5,1
"4352",590,20,1,7,0
"4353",450,11,0,2,1
"4354",530,17,1,5,1
"4355",540,14,1,5,0
"4356",420,10,0,1,1
"4357",550,17,1,5,1
"4358",460,14,0,4,1
"4359",480,16,0,3,1
"4360",440,15,0,3,1
"4361",490,12,0,2,0
"4362",480,15,0,2,1
"4363",470,14,0,3,1
"4364",400,14,0,2,1
"4365",580,15,1,4,0
"4366",430,15,0,3,1
"4367",490,14,0,3,0
"4368",590,14,1,5,1
"4369",590,14,1,5,0
"4370",400,11,0,1,1
"4371",410,17,0,3,0
"4372",400,16,0,2,0
"4373",420,11,0,2,1
"4374",410,16,0,2,1
"4375",410,12,0,1,0
"4376",440,15,0,2,1
"4377",410,9,0,1,1
"4378",590,19,1,7,0
"4379",460,19,0,6,1
"4380",410,15,0,2,1
"4381",470,12,0,2,1
"4382",560,14,1,7,0
"4383",480,9,0,2,1
"4384",540,14,1,5,0
"4385",450,13,0,2,1
"4386",570,19,1,7,1
"4387",530,13,1,4,0
"4388",430,10,0,1,0
"4389",550,12,1,5,0
"4390",420,15,0,2,1
"4391",510,14,1,4,1
"4392",510,15,1,4,0
"4393",410,16,0,2,0
"4394",510,15,1,5,0
"4395",460,14,0,4,0
"4396",580,13,1,3,0
"4397",570,17,1,5,1
"4398",510,18,1,5,1
"4399",410,17,0,4,1
"4400",460,12,0,1,1
"4401",500,14,1,3,0
"4402",540,15,1,7,1
"4403",570,15,1,6,0
"4404",480,16,0,4,0
"4405",480,19,0,6,1
"4406",480,14,0,4,1
"4407",460,12,0,3,0
"4408",520,15,1,4,0
"4409",420,10,0,2,1
"4410",430,11,0,3,0
"4411",500,17,1,5,1
"4412",490,16,0,6,0
"4413",480,13,0,3,0
"4414",420,6,0,1,1
"4415",570,18,1,7,1
"4416",440,16,0,5,1
"4417",530,14,1,4,0
"4418",410,19,0,5,1
"4419",410,13,0,1,1
"4420",480,11,0,3,1
"4421",530,17,1,6,1
"4422",550,18,1,5,0
"4423",580,18,1,7,0
"4424",510,17,1,5,0
"4425",410,11,0,1,1
"4426",540,15,1,5,0
"4427",580,17,1,7,1
"4428",510,12,1,3,0
"4429",440,16,0,3,1
"4430",530,16,1,6,1
"4431",470,13,0,3,0
"4432",450,11,0,3,1
"4433",500,20,1,5,1
"4434",520,11,1,2,1
"4435",520,18,1,7,0
"4436",540,16,1,5,0
"4437",520,20,1,7,1
"4438",430,15,0,1,0
"4439",560,18,1,7,0
"4440",460,14,0,3,0
"4441",590,16,1,7,0
"4442",450,14,0,2,1
"4443",420,18,0,4,1
"4444",440,18,0,3,1
"4445",450,17,0,3,1
"4446",460,18,0,5,1
"4447",440,13,0,2,1
"4448",520,18,1,4,1
"4449",420,13,0,2,1
"4450",470,15,0,5,1
"4451",500,15,1,5,0
"4452",520,13,1,4,1
"4453",450,16,0,5,0
"4454",470,13,0,2,1
"4455",420,12,0,1,1
"4456",450,15,0,4,1
"4457",480,14,0,2,1
"4458",420,15,0,2,0
"4459",420,16,0,3,0
"4460",480,15,0,3,0
"4461",530,16,1,5,1
"4462",490,16,0,4,1
"4463",460,12,0,1,1
"4464",550,18,1,6,0
"4465",500,17,1,3,1
"4466",480,15,0,4,0
"4467",430,17,0,4,0
"4468",500,12,1,3,0
"4469",600,18,1,7,1
"4470",490,15,0,3,1
"4471",570,14,1,5,1
"4472",420,13,0,5,1
"4473",430,16,0,4,1
"4474",550,16,1,5,0
"4475",570,12,1,5,0
"4476",420,14,0,2,1
"4477",540,19,1,6,0
"4478",490,12,0,3,1
"4479",560,19,1,6,0
"4480",580,19,1,7,0
"4481",550,18,1,7,1
"4482",430,12,0,5,1
"4483",440,13,0,1,0
"4484",570,15,1,5,0
"4485",590,19,1,7,0
"4486",420,11,0,2,0
"4487",530,13,1,3,0
"4488",490,16,0,6,0
"4489",480,16,0,4,0
"4490",560,16,1,7,0
"4491",530,13,1,5,1
"4492",580,19,1,7,0
"4493",440,17,0,5,0
"4494",580,21,1,6,0
"4495",510,19,1,5,1
"4496",460,15,0,3,1
"4497",580,17,1,5,1
"4498",590,17,1,6,0
"4499",440,14,0,3,0
"4500",480,18,0,4,1
"4501",520,14,1,3,0
"4502",540,16,1,4,0
"4503",540,13,1,4,0
"4504",450,14,0,3,1
"4505",430,15,0,2,1
"4506",460,16,0,4,1
"4507",500,20,1,7,0
"4508",560,12,1,5,1
"4509",580,14,1,5,1
"4510",420,16,0,4,1
"4511",470,12,0,2,0
"4512",460,16,0,4,0
"4513",600,20,1,7,0
"4514",580,19,1,7,0
"4515",510,17,1,6,0
"4516",400,11,0,2,1
"4517",520,19,1,7,1
"4518",560,16,1,5,1
"4519",580,16,1,4,0
"4520",450,12,0,4,0
"4521",490,19,0,5,0
"4522",590,17,1,6,0
"4523",440,13,0,1,0
"4524",500,15,1,3,0
"4525",530,11,1,4,0
"4526",540,14,1,4,0
"4527",590,17,1,6,0
"4528",590,16,1,7,0
"4529",410,12,0,2,0
"4530",540,16,1,5,0
"4531",490,15,0,3,0
"4532",470,10,0,1,1
"4533",520,17,1,7,1
"4534",470,15,0,2,1
"4535",560,16,1,5,0
"4536",590,19,1,7,0
"4537",410,15,0,3,1
"4538",460,18,0,3,1
"4539",560,16,1,3,0
"4540",510,17,1,4,0
"4541",530,18,1,7,0
"4542",590,16,1,7,0
"4543",500,12,1,4,0
"4544",420,15,0,2,0
"4545",410,14,0,2,0
"4546",540,15,1,5,1
"4547",460,15,0,4,0
"4548",510,15,1,5,0
"4549",530,20,1,7,0
"4550",430,17,0,3,0
"4551",490,13,0,3,1
"4552",480,17,0,6,0
"4553",420,15,0,3,1
"4554",550,20,1,7,1
"4555",560,11,1,1,1
"4556",440,15,0,3,1
"4557",540,18,1,6,0
"4558",480,15,0,3,1
"4559",510,15,1,4,0
"4560",500,17,1,5,0
"4561",530,13,1,3,0
"4562",520,13,1,5,1
"4563",470,13,0,2,0
"4564",570,19,1,7,0
"4565",460,16,0,4,1
"4566",530,19,1,6,1
"4567",540,12,1,5,0
"4568",570,21,1,7,0
"4569",500,20,1,5,1
"4570",420,12,0,2,0
"4571",580,18,1,6,1
"4572",420,14,0,2,1
"4573",410,13,0,1,1
"4574",430,11,0,1,0
"4575",430,16,0,3,1
"4576",440,14,0,3,0
"4577",470,20,0,6,1
"4578",460,16,0,5,0
"4579",530,13,1,4,0
"4580",580,16,1,7,1
"4581",570,16,1,4,0
"4582",420,12,0,1,1
"4583",600,17,1,7,0
"4584",410,15,0,2,1
"4585",590,20,1,7,1
"4586",520,15,1,4,0
"4587",480,16,0,6,0
"4588",510,17,1,5,0
"4589",540,13,1,3,1
"4590",440,19,0,5,1
"4591",480,12,0,3,0
"4592",500,15,1,6,1
"4593",410,14,0,4,0
"4594",570,16,1,6,0
"4595",550,10,1,2,1
"4596",540,12,1,3,0
"4597",550,13,1,3,0
"4598",470,13,0,2,0
"4599",420,12,0,2,1
"4600",530,16,1,5,1
"4601",550,19,1,7,1
"4602",420,12,0,1,1
"4603",500,16,1,4,0
"4604",550,20,1,7,0
"4605",400,13,0,1,1
"4606",440,18,0,5,1
"4607",500,11,1,1,1
"4608",470,20,0,4,1
"4609",490,15,0,5,0
"4610",550,18,1,6,1
"4611",520,14,1,3,0
"4612",430,18,0,4,1
"4613",460,16,0,2,0
"4614",510,20,1,6,1
"4615",490,14,0,1,0
"4616",560,12,1,4,0
"4617",440,13,0,4,1
"4618",600,13,1,4,0
"4619",460,14,0,2,0
"4620",460,16,0,4,1
"4621",560,14,1,4,0
"4622",440,11,0,2,0
"4623",500,16,1,6,0
"4624",430,13,0,2,0
"4625",600,22,1,7,1
"4626",480,19,0,5,1
"4627",450,12,0,1,1
"4628",490,14,0,3,1
"4629",520,14,1,5,0
"4630",570,20,1,7,0
"4631",550,18,1,7,0
"4632",520,19,1,4,1
"4633",490,15,0,5,0
"4634",450,13,0,2,0
"4635",410,13,0,2,1
"4636",580,16,1,7,0
"4637",440,14,0,3,0
"4638",560,16,1,6,0
"4639",420,14,0,2,0
"4640",510,16,1,5,0
"4641",420,14,0,3,0
"4642",510,15,1,2,0
"4643",560,18,1,7,0
"4644",560,20,1,7,0
"4645",510,17,1,5,1
"4646",520,13,1,5,0
"4647",400,11,0,2,1
"4648",570,18,1,7,0
"4649",460,14,0,2,1
"4650",500,20,1,5,1
"4651",400,18,0,2,1
"4652",560,13,1,4,0
"4653",560,17,1,7,0
"4654",530,15,1,5,0
"4655",590,16,1,6,1
"4656",400,15,0,1,1
"4657",400,15,0,1,0
"4658",510,15,1,4,1
"4659",590,16,1,6,0
"4660",480,15,0,4,1
"4661",510,15,1,6,1
"4662",490,13,0,3,0
"4663",440,14,0,2,0
"4664",560,16,1,5,0
"4665",530,17,1,6,1
"4666",570,14,1,5,1
"4667",500,16,1,6,1
"4668",400,13,0,2,0
"4669",460,14,0,3,1
"4670",550,17,1,5,0
"4671",440,12,0,4,1
"4672",500,13,1,5,1
"4673",560,16,1,3,0
"4674",440,11,0,1,1
"4675",500,16,1,5,0
"4676",590,17,1,5,0
"4677",510,16,1,5,0
"4678",580,19,1,6,0
"4679",430,14,0,1,0
"4680",460,11,0,3,0
"4681",560,17,1,6,1
"4682",430,14,0,3,1
"4683",540,15,1,5,0
"4684",470,12,0,3,0
"4685",410,17,0,3,1
"4686",590,14,1,5,0
"4687",580,16,1,7,0
"4688",420,15,0,1,1
"4689",490,16,0,4,1
"4690",480,17,0,4,0
"4691",520,16,1,4,0
"4692",520,14,1,3,0
"4693",540,17,1,4,0
"4694",420,7,0,1,1
"4695",420,12,0,2,1
"4696",600,15,1,3,0
"4697",490,13,0,4,0
"4698",410,14,0,1,1
"4699",480,15,0,3,1
"4700",500,14,1,3,1
"4701",550,17,1,6,0
"4702",520,18,1,5,1
"4703",570,12,1,4,0
"4704",480,12,0,1,0
"4705",510,13,1,3,1
"4706",590,14,1,5,0
"4707",500,17,1,4,1
"4708",470,14,0,3,0
"4709",470,17,0,5,1
"4710",470,15,0,2,1
"4711",530,17,1,7,1
"4712",420,11,0,2,1
"4713",540,12,1,4,0
"4714",480,13,0,3,1
"4715",590,15,1,7,0
"4716",470,10,0,2,0
"4717",410,12,0,1,1
"4718",470,13,0,3,0
"4719",500,16,1,4,1
"4720",400,13,0,1,0
"4721",420,13,0,1,1
"4722",470,15,0,3,1
"4723",470,14,0,2,1
"4724",480,10,0,3,0
"4725",450,11,0,2,0
"4726",510,17,1,4,0
"4727",550,14,1,5,1
"4728",430,11,0,1,1
"4729",450,16,0,1,1
"4730",470,13,0,2,1
"4731",480,16,0,4,0
"4732",530,17,1,6,1
"4733",470,17,0,4,1
"4734",490,18,0,4,1
"4735",590,15,1,6,0
"4736",460,15,0,4,0
"4737",510,15,1,4,0
"4738",480,14,0,2,0
"4739",460,16,0,4,1
"4740",540,12,1,1,0
"4741",520,16,1,6,0
"4742",560,15,1,6,1
"4743",550,14,1,5,1
"4744",580,14,1,4,1
"4745",560,11,1,5,0
"4746",490,17,0,4,1
"4747",590,17,1,5,0
"4748",460,9,0,1,1
"4749",590,21,1,7,0
"4750",570,15,1,4,1
"4751",570,19,1,7,0
"4752",540,18,1,6,0
"4753",520,16,1,7,0
"4754",540,9,1,4,0
"4755",520,16,1,5,0
"4756",510,11,1,3,1
"4757",590,17,1,7,0
"4758",540,18,1,6,0
"4759",570,16,1,6,1
"4760",430,13,0,2,1
"4761",580,12,1,5,1
"4762",560,15,1,5,0
"4763",540,20,1,7,1
"4764",490,13,0,3,1
"4765",540,19,1,7,0
"4766",490,14,0,2,1
"4767",450,11,0,3,1
"4768",540,17,1,5,0
"4769",500,16,1,5,0
"4770",490,16,0,5,1
"4771",420,9,0,1,0
"4772",560,15,1,4,1
"4773",530,13,1,4,0
"4774",530,12,1,5,1
"4775",470,15,0,4,1
"4776",500,14,1,3,0
"4777",510,13,1,3,0
"4778",510,15,1,3,0
"4779",440,12,0,1,1
"4780",600,12,1,4,0
"4781",430,14,0,2,1
"4782",410,14,0,1,1
"4783",530,16,1,6,0
"4784",490,20,0,7,0
"4785",480,14,0,4,0
"4786",510,12,1,5,0
"4787",570,16,1,6,0
"4788",490,18,0,6,0
"4789",590,16,1,6,0
"4790",520,15,1,7,0
"4791",450,14,0,3,1
"4792",590,16,1,7,0
"4793",570,17,1,6,0
"4794",430,13,0,5,0
"4795",470,18,0,4,1
"4796",590,15,1,7,0
"4797",480,16,0,5,1
"4798",580,18,1,6,1
"4799",400,13,0,2,0
"4800",490,15,0,4,0
"4801",550,15,1,3,0
"4802",520,17,1,4,1
"4803",520,16,1,4,0
"4804",420,17,0,2,1
"4805",510,13,1,3,1
"4806",580,17,1,5,0
"4807",480,16,0,4,1
"4808",440,16,0,2,1
"4809",430,15,0,3,1
"4810",400,16,0,4,0
"4811",470,16,0,2,1
"4812",540,18,1,7,1
"4813",480,11,0,2,0
"4814",450,15,0,1,0
"4815",420,16,0,5,1
"4816",470,19,0,5,0
"4817",480,17,0,7,0
"4818",430,13,0,3,1
"4819",470,16,0,3,0
"4820",590,14,1,4,0
"4821",590,21,1,7,0
"4822",590,13,1,5,0
"4823",450,14,0,2,1
"4824",490,13,0,4,0
"4825",410,10,0,1,0
"4826",480,18,0,6,1
"4827",570,18,1,7,1
"4828",540,15,1,5,0
"4829",500,15,1,6,1
"4830",580,21,1,7,0
"4831",520,15,1,4,1
"4832",420,9,0,1,1
"4833",530,13,1,4,0
"4834",530,17,1,5,0
"4835",580,12,1,4,0
"4836",520,13,1,4,0
"4837",520,16,1,6,1
"4838",560,16,1,3,0
"4839",470,12,0,1,1
"4840",530,17,1,5,1
"4841",530,15,1,5,1
"4842",440,14,0,2,0
"4843",480,15,0,4,1
"4844",480,13,0,3,1
"4845",440,16,0,3,0
"4846",550,16,1,6,0
"4847",540,13,1,5,1
"4848",420,7,0,1,1
"4849",570,14,1,4,1
"4850",510,13,1,2,1
"4851",560,16,1,5,0
"4852",520,12,1,2,0
"4853",530,17,1,6,0
"4854",510,14,1,3,0
"4855",430,15,0,4,1
"4856",550,16,1,4,1
"4857",490,16,0,5,0
"4858",460,17,0,4,0
"4859",500,11,1,2,1
"4860",410,11,0,1,1
"4861",430,13,0,2,1
"4862",480,18,0,7,1
"4863",460,12,0,2,1
"4864",560,12,1,4,1
"4865",480,19,0,7,1
"4866",410,16,0,5,0
"4867",590,17,1,7,0
"4868",590,19,1,7,0
"4869",550,21,1,7,1
"4870",560,17,1,7,0
"4871",450,16,0,3,1
"4872",570,11,1,3,0
"4873",480,17,0,4,0
"4874",510,14,1,2,1
"4875",440,13,0,3,0
"4876",580,16,1,5,0
"4877",450,17,0,6,1
"4878",520,14,1,4,1
"4879",560,18,1,6,0
"4880",440,13,0,2,0
"4881",420,18,0,3,1
"4882",600,15,1,5,0
"4883",450,13,0,3,0
"4884",570,17,1,6,0
"4885",510,20,1,6,0
"4886",470,17,0,6,1
"4887",540,21,1,7,1
"4888",580,19,1,7,0
"4889",470,15,0,5,1
"4890",580,16,1,6,0
"4891",560,16,1,3,0
"4892",520,15,1,4,1
"4893",560,14,1,4,0
"4894",460,17,0,3,0
"4895",600,14,1,5,0
"4896",430,17,0,3,1
"4897",570,19,1,6,1
"4898",460,14,0,2,0
"4899",410,13,0,1,1
"4900",590,17,1,4,0
"4901",520,15,1,6,0
"4902",430,15,0,2,0
"4903",510,12,1,5,0
"4904",470,17,0,6,0
"4905",550,11,1,3,0
"4906",540,12,1,3,0
"4907",440,13,0,1,1
"4908",570,15,1,6,0
"4909",400,11,0,1,1
"4910",430,13,0,2,0
"4911",420,20,0,4,1
"4912",470,14,0,4,1
"4913",520,17,1,5,1
"4914",410,16,0,2,1
"4915",530,15,1,5,0
"4916",590,15,1,4,0
"4917",430,15,0,5,0
"4918",410,14,0,3,0
"4919",480,14,0,3,1
"4920",580,17,1,7,0
"4921",510,18,1,7,1
"4922",460,17,0,4,1
"4923",580,13,1,2,1
"4924",440,13,0,1,1
"4925",560,19,1,7,1
"4926",480,15,0,3,0
"4927",420,12,0,1,1
"4928",530,17,1,4,0
"4929",410,15,0,1,0
"4930",510,16,1,4,0
"4931",410,11,0,2,1
"4932",500,17,1,5,0
"4933",480,19,0,7,1
"4934",460,17,0,4,1
"4935",440,17,0,2,1
"4936",560,13,1,6,0
"4937",540,16,1,7,0
"4938",440,14,0,2,0
"4939",460,14,0,1,1
"4940",500,14,1,2,1
"4941",570,16,1,5,0
"4942",420,17,0,2,0
"4943",470,16,0,4,1
"4944",420,14,0,3,0
"4945",530,16,1,5,1
"4946",510,15,1,4,1
"4947",490,16,0,3,1
"4948",530,18,1,6,0
"4949",430,18,0,4,0
"4950",580,17,1,6,0
"4951",510,16,1,4,0
"4952",410,14,0,1,1
"4953",510,12,1,3,0
"4954",510,14,1,2,1
"4955",490,14,0,4,1
"4956",500,17,1,4,1
"4957",560,23,1,7,1
"4958",470,16,0,3,0
"4959",520,13,1,2,0
"4960",490,10,0,1,1
"4961",470,14,0,3,1
"4962",420,14,0,2,1
"4963",450,17,0,5,1
"4964",520,11,1,4,0
"4965",540,20,1,5,0
"4966",510,14,1,5,0
"4967",550,13,1,4,1
"4968",580,17,1,7,0
"4969",530,16,1,5,1
"4970",410,15,0,2,0
"4971",420,14,0,2,0
"4972",470,6,0,1,1
"4973",530,16,1,4,0
"4974",530,14,1,4,0
"4975",580,19,1,5,1
"4976",480,15,0,6,0
"4977",580,17,1,6,0
"4978",480,12,0,2,1
"4979",490,13,0,2,1
"4980",470,20,0,6,1
"4981",520,16,1,6,0
"4982",480,15,0,2,1
"4983",490,15,0,1,1
"4984",460,19,0,5,0
"4985",450,20,0,4,1
"4986",460,14,0,4,1
"4987",570,15,1,4,0
"4988",420,15,0,3,1
"4989",580,17,1,6,0
"4990",410,15,0,3,1
"4991",520,14,1,4,1
"4992",420,13,0,1,0
"4993",530,15,1,6,0
"4994",420,15,0,4,0
"4995",580,12,1,5,1
"4996",470,14,0,4,0
"4997",420,17,0,3,0
"4998",590,15,1,7,1
"4999",420,15,0,1,1
"5000",440,11,0,2,1
